Date,Crash,Autumn,Winter,Spring,Weekend,Rained,Day,Attendance_number
2012-01-01,1,0,0,0,1,0.0,6,0.0
2012-01-02,1,0,0,0,0,0.0,0,0.0
2012-01-03,1,0,0,0,0,0.0,1,0.0
2012-01-04,0,0,0,0,0,0.0,2,0.0
2012-01-05,0,0,0,0,0,0.0,3,0.0
2012-01-06,1,0,0,0,0,1.0,4,0.0
2012-01-07,0,0,0,0,1,0.0,5,0.0
2012-01-08,1,0,0,0,1,0.0,6,0.0
2012-01-09,0,0,0,0,0,1.0,0,0.0
2012-01-10,1,0,0,0,0,0.0,1,0.0
2012-01-11,0,0,0,0,0,0.0,2,0.0
2012-01-12,1,0,0,0,0,0.0,3,0.0
2012-01-13,1,0,0,0,0,0.0,4,0.0
2012-01-14,0,0,0,0,1,0.0,5,0.0
2012-01-15,1,0,0,0,1,1.0,6,0.0
2012-01-16,1,0,0,0,0,1.0,0,0.0
2012-01-17,0,0,0,0,0,1.0,1,0.0
2012-01-18,1,0,0,0,0,0.0,2,0.0
2012-01-19,1,0,0,0,0,0.0,3,0.0
2012-01-20,0,0,0,0,0,0.0,4,0.0
2012-01-21,0,0,0,0,1,0.0,5,0.0
2012-01-22,1,0,0,0,1,1.0,6,0.0
2012-01-23,1,0,0,0,0,1.0,0,0.0
2012-01-24,1,0,0,0,0,0.0,1,0.0
2012-01-25,1,0,0,0,0,1.0,2,38.0
2012-01-26,0,0,0,0,0,1.0,3,0.0
2012-01-27,1,0,0,0,0,1.0,4,0.0
2012-01-28,0,0,0,0,1,1.0,5,0.0
2012-01-29,1,0,0,0,1,0.0,6,0.0
2012-01-30,1,0,0,0,0,1.0,0,0.0
2012-01-31,1,0,0,0,0,0.0,1,0.0
2012-02-01,1,0,0,0,0,1.0,2,0.0
2012-02-02,1,0,0,0,0,1.0,3,0.0
2012-02-03,1,0,0,0,0,1.0,4,0.0
2012-02-04,1,0,0,0,1,1.0,5,175.0
2012-02-05,0,0,0,0,1,0.0,6,0.0
2012-02-06,0,0,0,0,0,0.0,0,0.0
2012-02-07,1,0,0,0,0,1.0,1,0.0
2012-02-08,1,0,0,0,0,1.0,2,0.0
2012-02-09,1,0,0,0,0,1.0,3,0.0
2012-02-10,0,0,0,0,0,1.0,4,0.0
2012-02-11,1,0,0,0,1,1.0,5,0.0
2012-02-12,1,0,0,0,1,1.0,6,1562.0
2012-02-13,0,0,0,0,0,1.0,0,0.0
2012-02-14,0,0,0,0,0,0.0,1,0.0
2012-02-15,1,0,0,0,0,1.0,2,0.0
2012-02-16,1,0,0,0,0,0.0,3,0.0
2012-02-17,1,0,0,0,0,0.0,4,0.0
2012-02-18,1,0,0,0,1,1.0,5,0.0
2012-02-19,1,0,0,0,1,0.0,6,0.0
2012-02-20,1,0,0,0,0,1.0,0,0.0
2012-02-21,0,0,0,0,0,1.0,1,0.0
2012-02-22,1,0,0,0,0,0.0,2,0.0
2012-02-23,1,0,0,0,0,0.0,3,0.0
2012-02-24,1,0,0,0,0,0.0,4,0.0
2012-02-25,1,0,0,0,1,0.0,5,511.0
2012-02-26,0,0,0,0,1,1.0,6,0.0
2012-02-27,1,0,0,0,0,1.0,0,0.0
2012-02-28,1,0,0,0,0,1.0,1,0.0
2012-02-29,1,0,0,0,0,0.0,2,0.0
2012-03-01,1,1,0,0,0,1.0,3,0.0
2012-03-02,0,1,0,0,0,1.0,4,126.0
2012-03-03,0,1,0,0,1,1.0,5,2929.0
2012-03-04,0,1,0,0,1,1.0,6,0.0
2012-03-05,0,1,0,0,0,1.0,0,0.0
2012-03-06,0,1,0,0,0,1.0,1,0.0
2012-03-07,1,1,0,0,0,0.0,2,0.0
2012-03-08,1,1,0,0,0,1.0,3,0.0
2012-03-09,1,1,0,0,0,1.0,4,0.0
2012-03-10,0,1,0,0,1,0.0,5,0.0
2012-03-11,0,1,0,0,1,0.0,6,0.0
2012-03-12,0,1,0,0,0,0.0,0,0.0
2012-03-13,1,1,0,0,0,0.0,1,0.0
2012-03-14,1,1,0,0,0,0.0,2,0.0
2012-03-15,1,1,0,0,0,0.0,3,0.0
2012-03-16,1,1,0,0,0,0.0,4,0.0
2012-03-17,1,1,0,0,1,1.0,5,0.0
2012-03-18,1,1,0,0,1,1.0,6,0.0
2012-03-19,1,1,0,0,0,1.0,0,0.0
2012-03-20,1,1,0,0,0,1.0,1,0.0
2012-03-21,1,1,0,0,0,1.0,2,0.0
2012-03-22,1,1,0,0,0,1.0,3,0.0
2012-03-23,1,1,0,0,0,1.0,4,0.0
2012-03-24,1,1,0,0,1,0.0,5,0.0
2012-03-25,0,1,0,0,1,1.0,6,0.0
2012-03-26,1,1,0,0,0,1.0,0,0.0
2012-03-27,1,1,0,0,0,1.0,1,0.0
2012-03-28,1,1,0,0,0,0.0,2,0.0
2012-03-29,1,1,0,0,0,1.0,3,0.0
2012-03-30,1,1,0,0,0,1.0,4,0.0
2012-03-31,1,1,0,0,1,0.0,5,0.0
2012-04-01,0,1,0,0,1,0.0,6,0.0
2012-04-02,1,1,0,0,0,1.0,0,0.0
2012-04-03,0,1,0,0,0,0.0,1,0.0
2012-04-04,0,1,0,0,0,0.0,2,0.0
2012-04-05,1,1,0,0,0,0.0,3,0.0
2012-04-06,1,1,0,0,0,0.0,4,0.0
2012-04-07,1,1,0,0,1,0.0,5,0.0
2012-04-08,1,1,0,0,1,0.0,6,0.0
2012-04-09,0,1,0,0,0,1.0,0,0.0
2012-04-10,1,1,0,0,0,0.0,1,0.0
2012-04-11,1,1,0,0,0,0.0,2,0.0
2012-04-12,1,1,0,0,0,1.0,3,0.0
2012-04-13,1,1,0,0,0,1.0,4,0.0
2012-04-14,0,1,0,0,1,0.0,5,0.0
2012-04-15,1,1,0,0,1,0.0,6,0.0
2012-04-16,1,1,0,0,0,0.0,0,0.0
2012-04-17,1,1,0,0,0,1.0,1,0.0
2012-04-18,1,1,0,0,0,1.0,2,0.0
2012-04-19,0,1,0,0,0,1.0,3,0.0
2012-04-20,1,1,0,0,0,1.0,4,0.0
2012-04-21,1,1,0,0,1,1.0,5,0.0
2012-04-22,0,1,0,0,1,0.0,6,0.0
2012-04-23,0,1,0,0,0,1.0,0,0.0
2012-04-24,1,1,0,0,0,1.0,1,0.0
2012-04-25,0,1,0,0,0,1.0,2,0.0
2012-04-26,0,1,0,0,0,0.0,3,0.0
2012-04-27,1,1,0,0,0,0.0,4,0.0
2012-04-28,0,1,0,0,1,0.0,5,0.0
2012-04-29,0,1,0,0,1,0.0,6,0.0
2012-04-30,1,1,0,0,0,0.0,0,0.0
2012-05-01,0,1,0,0,0,0.0,1,0.0
2012-05-02,1,1,0,0,0,0.0,2,0.0
2012-05-03,1,1,0,0,0,1.0,3,0.0
2012-05-04,1,1,0,0,0,0.0,4,0.0
2012-05-05,0,1,0,0,1,0.0,5,0.0
2012-05-06,0,1,0,0,1,0.0,6,0.0
2012-05-07,1,1,0,0,0,0.0,0,0.0
2012-05-08,1,1,0,0,0,0.0,1,0.0
2012-05-09,1,1,0,0,0,0.0,2,0.0
2012-05-10,1,1,0,0,0,0.0,3,0.0
2012-05-11,0,1,0,0,0,0.0,4,0.0
2012-05-12,1,1,0,0,1,0.0,5,0.0
2012-05-13,1,1,0,0,1,0.0,6,0.0
2012-05-14,1,1,0,0,0,0.0,0,0.0
2012-05-15,0,1,0,0,0,0.0,1,0.0
2012-05-16,1,1,0,0,0,0.0,2,0.0
2012-05-17,0,1,0,0,0,0.0,3,0.0
2012-05-18,0,1,0,0,0,0.0,4,0.0
2012-05-19,1,1,0,0,1,1.0,5,0.0
2012-05-20,1,1,0,0,1,0.0,6,0.0
2012-05-21,1,1,0,0,0,1.0,0,0.0
2012-05-22,1,1,0,0,0,0.0,1,0.0
2012-05-23,1,1,0,0,0,0.0,2,0.0
2012-05-24,1,1,0,0,0,0.0,3,0.0
2012-05-25,1,1,0,0,0,1.0,4,0.0
2012-05-26,1,1,0,0,1,0.0,5,54.0
2012-05-27,0,1,0,0,1,0.0,6,0.0
2012-05-28,1,1,0,0,0,0.0,0,0.0
2012-05-29,1,1,0,0,0,1.0,1,0.0
2012-05-30,1,1,0,0,0,1.0,2,0.0
2012-05-31,1,0,1,0,0,1.0,3,0.0
2012-06-01,1,0,1,0,0,1.0,4,0.0
2012-06-02,1,0,1,0,1,1.0,5,0.0
2012-06-03,1,0,1,0,1,1.0,6,0.0
2012-06-04,1,0,1,0,0,1.0,0,0.0
2012-06-05,1,0,1,0,0,1.0,1,0.0
2012-06-06,1,0,1,0,0,1.0,2,0.0
2012-06-07,0,0,1,0,0,1.0,3,0.0
2012-06-08,1,0,1,0,0,1.0,4,0.0
2012-06-09,1,0,1,0,1,0.0,5,0.0
2012-06-10,0,0,1,0,1,1.0,6,91.0
2012-06-11,1,0,1,0,0,1.0,0,0.0
2012-06-12,0,0,1,0,0,1.0,1,0.0
2012-06-13,0,0,1,0,0,1.0,2,0.0
2012-06-14,1,0,1,0,0,1.0,3,0.0
2012-06-15,0,0,1,0,0,1.0,4,0.0
2012-06-16,1,0,1,0,1,1.0,5,0.0
2012-06-17,1,0,1,0,1,1.0,6,0.0
2012-06-18,0,0,1,0,0,1.0,0,11.0
2012-06-19,1,0,1,0,0,0.0,1,0.0
2012-06-20,0,0,1,0,0,0.0,2,0.0
2012-06-21,1,0,1,0,0,0.0,3,0.0
2012-06-22,1,0,1,0,0,0.0,4,0.0
2012-06-23,1,0,1,0,1,0.0,5,0.0
2012-06-24,0,0,1,0,1,0.0,6,0.0
2012-06-25,1,0,1,0,0,0.0,0,0.0
2012-06-26,1,0,1,0,0,1.0,1,0.0
2012-06-27,1,0,1,0,0,1.0,2,0.0
2012-06-28,1,0,1,0,0,0.0,3,0.0
2012-06-29,0,0,1,0,0,1.0,4,0.0
2012-06-30,1,0,1,0,1,0.0,5,0.0
2012-07-01,0,0,1,0,1,0.0,6,0.0
2012-07-02,0,0,1,0,0,0.0,0,0.0
2012-07-03,0,0,1,0,0,0.0,1,0.0
2012-07-04,1,0,1,0,0,0.0,2,0.0
2012-07-05,1,0,1,0,0,1.0,3,0.0
2012-07-06,1,0,1,0,0,1.0,4,0.0
2012-07-07,1,0,1,0,1,1.0,5,0.0
2012-07-08,1,0,1,0,1,1.0,6,0.0
2012-07-09,0,0,1,0,0,1.0,0,0.0
2012-07-10,1,0,1,0,0,0.0,1,0.0
2012-07-11,1,0,1,0,0,1.0,2,0.0
2012-07-12,0,0,1,0,0,0.0,3,0.0
2012-07-13,1,0,1,0,0,1.0,4,0.0
2012-07-14,1,0,1,0,1,1.0,5,0.0
2012-07-15,0,0,1,0,1,0.0,6,0.0
2012-07-16,0,0,1,0,0,0.0,0,0.0
2012-07-17,0,0,1,0,0,0.0,1,0.0
2012-07-18,1,0,1,0,0,0.0,2,0.0
2012-07-19,0,0,1,0,0,0.0,3,0.0
2012-07-20,0,0,1,0,0,0.0,4,0.0
2012-07-21,0,0,1,0,1,1.0,5,0.0
2012-07-22,1,0,1,0,1,1.0,6,0.0
2012-07-23,0,0,1,0,0,1.0,0,0.0
2012-07-24,0,0,1,0,0,1.0,1,0.0
2012-07-25,1,0,1,0,0,1.0,2,0.0
2012-07-26,1,0,1,0,0,1.0,3,0.0
2012-07-27,1,0,1,0,0,1.0,4,0.0
2012-07-28,0,0,1,0,1,0.0,5,0.0
2012-07-29,1,0,1,0,1,0.0,6,0.0
2012-07-30,1,0,1,0,0,0.0,0,0.0
2012-07-31,1,0,1,0,0,1.0,1,0.0
2012-08-01,0,0,1,0,0,1.0,2,109.0
2012-08-02,1,0,1,0,0,0.0,3,0.0
2012-08-03,1,0,1,0,0,0.0,4,0.0
2012-08-04,0,0,1,0,1,0.0,5,0.0
2012-08-05,0,0,1,0,1,0.0,6,0.0
2012-08-06,1,0,1,0,0,0.0,0,0.0
2012-08-07,0,0,1,0,0,0.0,1,0.0
2012-08-08,1,0,1,0,0,0.0,2,0.0
2012-08-09,1,0,1,0,0,0.0,3,0.0
2012-08-10,1,0,1,0,0,0.0,4,0.0
2012-08-11,1,0,1,0,1,1.0,5,0.0
2012-08-12,1,0,1,0,1,1.0,6,0.0
2012-08-13,0,0,1,0,0,1.0,0,0.0
2012-08-14,1,0,1,0,0,0.0,1,0.0
2012-08-15,0,0,1,0,0,0.0,2,0.0
2012-08-16,1,0,1,0,0,0.0,3,0.0
2012-08-17,1,0,1,0,0,0.0,4,0.0
2012-08-18,0,0,1,0,1,1.0,5,0.0
2012-08-19,0,0,1,0,1,0.0,6,0.0
2012-08-20,0,0,1,0,0,0.0,0,0.0
2012-08-21,1,0,1,0,0,0.0,1,0.0
2012-08-22,1,0,1,0,0,0.0,2,0.0
2012-08-23,0,0,1,0,0,0.0,3,0.0
2012-08-24,1,0,1,0,0,1.0,4,0.0
2012-08-25,0,0,1,0,1,0.0,5,0.0
2012-08-26,0,0,1,0,1,0.0,6,0.0
2012-08-27,0,0,1,0,0,0.0,0,0.0
2012-08-28,0,0,1,0,0,0.0,1,0.0
2012-08-29,1,0,1,0,0,0.0,2,0.0
2012-08-30,1,0,0,1,0,0.0,3,0.0
2012-08-31,0,0,0,1,0,0.0,4,0.0
2012-09-01,1,0,0,1,1,1.0,5,0.0
2012-09-02,1,0,0,1,1,1.0,6,0.0
2012-09-03,1,0,0,1,0,0.0,0,0.0
2012-09-04,1,0,0,1,0,0.0,1,0.0
2012-09-05,1,0,0,1,0,0.0,2,0.0
2012-09-06,0,0,0,1,0,0.0,3,0.0
2012-09-07,0,0,0,1,0,0.0,4,0.0
2012-09-08,0,0,0,1,1,0.0,5,0.0
2012-09-09,1,0,0,1,1,0.0,6,0.0
2012-09-10,1,0,0,1,0,0.0,0,0.0
2012-09-11,0,0,0,1,0,0.0,1,0.0
2012-09-12,1,0,0,1,0,0.0,2,0.0
2012-09-13,1,0,0,1,0,0.0,3,0.0
2012-09-14,1,0,0,1,0,1.0,4,0.0
2012-09-15,1,0,0,1,1,0.0,5,191.0
2012-09-16,1,0,0,1,1,0.0,6,0.0
2012-09-17,1,0,0,1,0,0.0,0,0.0
2012-09-18,1,0,0,1,0,1.0,1,0.0
2012-09-19,0,0,0,1,0,1.0,2,0.0
2012-09-20,1,0,0,1,0,0.0,3,0.0
2012-09-21,0,0,0,1,0,0.0,4,0.0
2012-09-22,0,0,0,1,1,1.0,5,0.0
2012-09-23,1,0,0,1,1,0.0,6,0.0
2012-09-24,1,0,0,1,0,1.0,0,0.0
2012-09-25,0,0,0,1,0,1.0,1,0.0
2012-09-26,1,0,0,1,0,0.0,2,0.0
2012-09-27,0,0,0,1,0,0.0,3,254.0
2012-09-28,1,0,0,1,0,0.0,4,263.0
2012-09-29,0,0,0,1,1,1.0,5,109.0
2012-09-30,1,0,0,1,1,0.0,6,0.0
2012-10-01,0,0,0,1,0,0.0,0,0.0
2012-10-02,1,0,0,1,0,1.0,1,0.0
2012-10-03,1,0,0,1,0,0.0,2,0.0
2012-10-04,0,0,0,1,0,0.0,3,0.0
2012-10-05,1,0,0,1,0,0.0,4,0.0
2012-10-06,1,0,0,1,1,1.0,5,0.0
2012-10-07,0,0,0,1,1,1.0,6,0.0
2012-10-08,1,0,0,1,0,0.0,0,0.0
2012-10-09,1,0,0,1,0,1.0,1,0.0
2012-10-10,1,0,0,1,0,0.0,2,0.0
2012-10-11,1,0,0,1,0,1.0,3,0.0
2012-10-12,1,0,0,1,0,1.0,4,0.0
2012-10-13,1,0,0,1,1,1.0,5,0.0
2012-10-14,0,0,0,1,1,0.0,6,0.0
2012-10-15,0,0,0,1,0,0.0,0,0.0
2012-10-16,1,0,0,1,0,0.0,1,0.0
2012-10-17,1,0,0,1,0,0.0,2,0.0
2012-10-18,1,0,0,1,0,0.0,3,0.0
2012-10-19,0,0,0,1,0,0.0,4,0.0
2012-10-20,1,0,0,1,1,0.0,5,0.0
2012-10-21,0,0,0,1,1,0.0,6,12.0
2012-10-22,1,0,0,1,0,0.0,0,0.0
2012-10-23,1,0,0,1,0,1.0,1,0.0
2012-10-24,1,0,0,1,0,0.0,2,0.0
2012-10-25,1,0,0,1,0,0.0,3,0.0
2012-10-26,1,0,0,1,0,0.0,4,0.0
2012-10-27,1,0,0,1,1,0.0,5,0.0
2012-10-28,1,0,0,1,1,0.0,6,0.0
2012-10-29,0,0,0,1,0,0.0,0,0.0
2012-10-30,0,0,0,1,0,0.0,1,0.0
2012-10-31,1,0,0,1,0,0.0,2,0.0
2012-11-01,1,0,0,1,0,0.0,3,0.0
2012-11-02,1,0,0,1,0,0.0,4,0.0
2012-11-03,1,0,0,1,1,1.0,5,0.0
2012-11-04,0,0,0,1,1,1.0,6,0.0
2012-11-05,0,0,0,1,0,0.0,0,0.0
2012-11-06,1,0,0,1,0,0.0,1,0.0
2012-11-07,1,0,0,1,0,0.0,2,0.0
2012-11-08,0,0,0,1,0,1.0,3,0.0
2012-11-09,1,0,0,1,0,1.0,4,0.0
2012-11-10,1,0,0,1,1,1.0,5,0.0
2012-11-11,1,0,0,1,1,0.0,6,0.0
2012-11-12,0,0,0,1,0,0.0,0,0.0
2012-11-13,0,0,0,1,0,0.0,1,0.0
2012-11-14,1,0,0,1,0,1.0,2,0.0
2012-11-15,0,0,0,1,0,1.0,3,0.0
2012-11-16,0,0,0,1,0,0.0,4,0.0
2012-11-17,1,0,0,1,1,1.0,5,6.0
2012-11-18,0,0,0,1,1,0.0,6,0.0
2012-11-19,0,0,0,1,0,0.0,0,0.0
2012-11-20,1,0,0,1,0,1.0,1,0.0
2012-11-21,1,0,0,1,0,1.0,2,0.0
2012-11-22,0,0,0,1,0,0.0,3,0.0
2012-11-23,1,0,0,1,0,0.0,4,0.0
2012-11-24,0,0,0,1,1,0.0,5,0.0
2012-11-25,1,0,0,1,1,0.0,6,0.0
2012-11-26,1,0,0,1,0,0.0,0,0.0
2012-11-27,0,0,0,1,0,1.0,1,0.0
2012-11-28,0,0,0,1,0,1.0,2,0.0
2012-11-29,1,0,0,0,0,1.0,3,0.0
2012-11-30,1,0,0,0,0,0.0,4,0.0
2012-12-01,1,0,0,0,1,1.0,5,0.0
2012-12-02,0,0,0,0,1,1.0,6,0.0
2012-12-03,1,0,0,0,0,1.0,0,0.0
2012-12-04,1,0,0,0,0,1.0,1,0.0
2012-12-05,0,0,0,0,0,0.0,2,0.0
2012-12-06,1,0,0,0,0,0.0,3,0.0
2012-12-07,1,0,0,0,0,0.0,4,0.0
2012-12-08,1,0,0,0,1,0.0,5,0.0
2012-12-09,1,0,0,0,1,0.0,6,0.0
2012-12-10,1,0,0,0,0,1.0,0,0.0
2012-12-11,1,0,0,0,0,1.0,1,0.0
2012-12-12,1,0,0,0,0,1.0,2,0.0
2012-12-13,1,0,0,0,0,0.0,3,0.0
2012-12-14,1,0,0,0,0,0.0,4,0.0
2012-12-15,0,0,0,0,1,0.0,5,0.0
2012-12-16,1,0,0,0,1,0.0,6,0.0
2012-12-17,1,0,0,0,0,0.0,0,0.0
2012-12-18,1,0,0,0,0,0.0,1,0.0
2012-12-19,0,0,0,0,0,0.0,2,0.0
2012-12-20,1,0,0,0,0,0.0,3,0.0
2012-12-21,1,0,0,0,0,0.0,4,0.0
2012-12-22,0,0,0,0,1,0.0,5,0.0
2012-12-23,0,0,0,0,1,0.0,6,0.0
2012-12-24,1,0,0,0,0,0.0,0,0.0
2012-12-25,0,0,0,0,0,1.0,1,0.0
2012-12-26,1,0,0,0,0,1.0,2,0.0
2012-12-27,0,0,0,0,0,0.0,3,0.0
2012-12-28,0,0,0,0,0,0.0,4,0.0
2012-12-29,1,0,0,0,1,0.0,5,0.0
2012-12-30,0,0,0,0,1,1.0,6,0.0
2012-12-31,0,0,0,0,0,0.0,0,0.0
2013-01-01,0,0,0,0,0,0.0,1,0.0
2013-01-02,1,0,0,0,0,0.0,2,0.0
2013-01-03,0,0,0,0,0,0.0,3,0.0
2013-01-04,0,0,0,0,0,0.0,4,0.0
2013-01-05,1,0,0,0,1,0.0,5,0.0
2013-01-06,1,0,0,0,1,0.0,6,0.0
2013-01-07,0,0,0,0,0,0.0,0,0.0
2013-01-08,1,0,0,0,0,0.0,1,0.0
2013-01-09,0,0,0,0,0,0.0,2,0.0
2013-01-10,0,0,0,0,0,0.0,3,0.0
2013-01-11,1,0,0,0,0,0.0,4,0.0
2013-01-12,1,0,0,0,1,0.0,5,0.0
2013-01-13,1,0,0,0,1,0.0,6,0.0
2013-01-14,1,0,0,0,0,1.0,0,0.0
2013-01-15,0,0,0,0,0,0.0,1,0.0
2013-01-16,1,0,0,0,0,0.0,2,0.0
2013-01-17,1,0,0,0,0,0.0,3,0.0
2013-01-18,1,0,0,0,0,0.0,4,0.0
2013-01-19,1,0,0,0,1,1.0,5,0.0
2013-01-20,1,0,0,0,1,0.0,6,0.0
2013-01-21,1,0,0,0,0,1.0,0,0.0
2013-01-22,1,0,0,0,0,1.0,1,0.0
2013-01-23,1,0,0,0,0,0.0,2,0.0
2013-01-24,0,0,0,0,0,0.0,3,0.0
2013-01-25,0,0,0,0,0,0.0,4,183.0
2013-01-26,1,0,0,0,1,0.0,5,0.0
2013-01-27,1,0,0,0,1,1.0,6,0.0
2013-01-28,1,0,0,0,0,1.0,0,0.0
2013-01-29,0,0,0,0,0,1.0,1,0.0
2013-01-30,1,0,0,0,0,1.0,2,477.0
2013-01-31,0,0,0,0,0,0.0,3,0.0
2013-02-01,0,0,0,0,0,0.0,4,0.0
2013-02-02,0,0,0,0,1,1.0,5,0.0
2013-02-03,1,0,0,0,1,1.0,6,111.0
2013-02-04,1,0,0,0,0,1.0,0,0.0
2013-02-05,1,0,0,0,0,1.0,1,0.0
2013-02-06,0,0,0,0,0,1.0,2,0.0
2013-02-07,1,0,0,0,0,0.0,3,0.0
2013-02-08,1,0,0,0,0,0.0,4,0.0
2013-02-09,0,0,0,0,1,0.0,5,423.0
2013-02-10,1,0,0,0,1,0.0,6,1160.0
2013-02-11,1,0,0,0,0,1.0,0,0.0
2013-02-12,0,0,0,0,0,1.0,1,98.0
2013-02-13,0,0,0,0,0,1.0,2,0.0
2013-02-14,1,0,0,0,0,0.0,3,0.0
2013-02-15,0,0,0,0,0,1.0,4,33.0
2013-02-16,1,0,0,0,1,1.0,5,255.0
2013-02-17,0,0,0,0,1,1.0,6,0.0
2013-02-18,0,0,0,0,0,1.0,0,0.0
2013-02-19,0,0,0,0,0,1.0,1,0.0
2013-02-20,0,0,0,0,0,1.0,2,0.0
2013-02-21,1,0,0,0,0,1.0,3,0.0
2013-02-22,0,0,0,0,0,1.0,4,0.0
2013-02-23,0,0,0,0,1,1.0,5,789.0
2013-02-24,1,0,0,0,1,1.0,6,0.0
2013-02-25,0,0,0,0,0,0.0,0,79.0
2013-02-26,1,0,0,0,0,1.0,1,76.0
2013-02-27,0,0,0,0,0,0.0,2,0.0
2013-02-28,1,0,0,0,0,0.0,3,0.0
2013-03-01,1,0,0,0,0,1.0,4,148.0
2013-03-02,0,1,0,0,1,1.0,5,1682.0
2013-03-03,1,1,0,0,1,1.0,6,130.0
2013-03-04,0,1,0,0,0,1.0,0,0.0
2013-03-05,1,1,0,0,0,1.0,1,0.0
2013-03-06,1,1,0,0,0,1.0,2,0.0
2013-03-07,1,1,0,0,0,0.0,3,0.0
2013-03-08,1,1,0,0,0,1.0,4,0.0
2013-03-09,1,1,0,0,1,1.0,5,0.0
2013-03-10,1,1,0,0,1,0.0,6,0.0
2013-03-11,1,1,0,0,0,0.0,0,0.0
2013-03-12,1,1,0,0,0,1.0,1,0.0
2013-03-13,1,1,0,0,0,1.0,2,0.0
2013-03-14,1,1,0,0,0,0.0,3,0.0
2013-03-15,0,1,0,0,0,1.0,4,0.0
2013-03-16,0,1,0,0,1,0.0,5,0.0
2013-03-17,1,1,0,0,1,0.0,6,0.0
2013-03-18,0,1,0,0,0,0.0,0,0.0
2013-03-19,1,1,0,0,0,0.0,1,0.0
2013-03-20,0,1,0,0,0,1.0,2,0.0
2013-03-21,1,1,0,0,0,0.0,3,0.0
2013-03-22,1,1,0,0,0,0.0,4,51.0
2013-03-23,1,1,0,0,1,1.0,5,0.0
2013-03-24,1,1,0,0,1,0.0,6,0.0
2013-03-25,0,1,0,0,0,0.0,0,0.0
2013-03-26,1,1,0,0,0,0.0,1,0.0
2013-03-27,1,1,0,0,0,0.0,2,0.0
2013-03-28,1,1,0,0,0,0.0,3,0.0
2013-03-29,1,1,0,0,0,1.0,4,0.0
2013-03-30,0,1,0,0,1,0.0,5,0.0
2013-03-31,0,1,0,0,1,0.0,6,0.0
2013-04-01,1,1,0,0,0,1.0,0,0.0
2013-04-02,1,1,0,0,0,0.0,1,0.0
2013-04-03,0,1,0,0,0,1.0,2,0.0
2013-04-04,1,1,0,0,0,1.0,3,0.0
2013-04-05,1,1,0,0,0,1.0,4,0.0
2013-04-06,0,1,0,0,1,1.0,5,42.0
2013-04-07,1,1,0,0,1,1.0,6,0.0
2013-04-08,0,1,0,0,0,0.0,0,0.0
2013-04-09,0,1,0,0,0,1.0,1,0.0
2013-04-10,0,1,0,0,0,1.0,2,0.0
2013-04-11,0,1,0,0,0,0.0,3,0.0
2013-04-12,0,1,0,0,0,0.0,4,27.0
2013-04-13,1,1,0,0,1,0.0,5,4.0
2013-04-14,1,1,0,0,1,0.0,6,0.0
2013-04-15,1,1,0,0,0,0.0,0,0.0
2013-04-16,0,1,0,0,0,1.0,1,0.0
2013-04-17,1,1,0,0,0,1.0,2,0.0
2013-04-18,0,1,0,0,0,0.0,3,0.0
2013-04-19,1,1,0,0,0,1.0,4,152.0
2013-04-20,1,1,0,0,1,1.0,5,0.0
2013-04-21,1,1,0,0,1,1.0,6,0.0
2013-04-22,0,1,0,0,0,1.0,0,0.0
2013-04-23,1,1,0,0,0,0.0,1,0.0
2013-04-24,1,1,0,0,0,0.0,2,236.0
2013-04-25,1,1,0,0,0,0.0,3,0.0
2013-04-26,0,1,0,0,0,0.0,4,52.0
2013-04-27,1,1,0,0,1,0.0,5,0.0
2013-04-28,1,1,0,0,1,0.0,6,0.0
2013-04-29,0,1,0,0,0,0.0,0,0.0
2013-04-30,1,1,0,0,0,0.0,1,0.0
2013-05-01,0,1,0,0,0,0.0,2,0.0
2013-05-02,0,1,0,0,0,1.0,3,0.0
2013-05-03,1,1,0,0,0,0.0,4,25.0
2013-05-04,1,1,0,0,1,0.0,5,0.0
2013-05-05,0,1,0,0,1,0.0,6,0.0
2013-05-06,1,1,0,0,0,0.0,0,0.0
2013-05-07,1,1,0,0,0,0.0,1,0.0
2013-05-08,1,1,0,0,0,1.0,2,0.0
2013-05-09,0,1,0,0,0,0.0,3,0.0
2013-05-10,1,1,0,0,0,0.0,4,40.0
2013-05-11,1,1,0,0,1,0.0,5,0.0
2013-05-12,0,1,0,0,1,0.0,6,0.0
2013-05-13,1,1,0,0,0,0.0,0,0.0
2013-05-14,1,1,0,0,0,1.0,1,0.0
2013-05-15,0,1,0,0,0,1.0,2,0.0
2013-05-16,0,1,0,0,0,0.0,3,0.0
2013-05-17,1,1,0,0,0,0.0,4,75.0
2013-05-18,0,1,0,0,1,0.0,5,0.0
2013-05-19,0,1,0,0,1,0.0,6,0.0
2013-05-20,1,1,0,0,0,0.0,0,0.0
2013-05-21,0,1,0,0,0,0.0,1,0.0
2013-05-22,1,1,0,0,0,0.0,2,0.0
2013-05-23,1,1,0,0,0,1.0,3,0.0
2013-05-24,1,1,0,0,0,1.0,4,77.0
2013-05-25,0,1,0,0,1,1.0,5,1.0
2013-05-26,1,1,0,0,1,1.0,6,0.0
2013-05-27,1,1,0,0,0,1.0,0,0.0
2013-05-28,1,1,0,0,0,1.0,1,0.0
2013-05-29,1,1,0,0,0,1.0,2,0.0
2013-05-30,0,1,0,0,0,0.0,3,0.0
2013-05-31,1,1,0,0,0,0.0,4,105.0
2013-06-01,1,0,1,0,1,0.0,5,0.0
2013-06-02,1,0,1,0,1,1.0,6,0.0
2013-06-03,0,0,1,0,0,1.0,0,0.0
2013-06-04,0,0,1,0,0,0.0,1,0.0
2013-06-05,0,0,1,0,0,1.0,2,1305.0
2013-06-06,0,0,1,0,0,0.0,3,0.0
2013-06-07,1,0,1,0,0,1.0,4,108.0
2013-06-08,0,0,1,0,1,0.0,5,2.0
2013-06-09,0,0,1,0,1,0.0,6,0.0
2013-06-10,0,0,1,0,0,0.0,0,0.0
2013-06-11,1,0,1,0,0,1.0,1,0.0
2013-06-12,1,0,1,0,0,0.0,2,0.0
2013-06-13,0,0,1,0,0,1.0,3,0.0
2013-06-14,0,0,1,0,0,0.0,4,65.0
2013-06-15,0,0,1,0,1,0.0,5,0.0
2013-06-16,0,0,1,0,1,0.0,6,0.0
2013-06-17,1,0,1,0,0,0.0,0,0.0
2013-06-18,1,0,1,0,0,0.0,1,0.0
2013-06-19,1,0,1,0,0,1.0,2,0.0
2013-06-20,0,0,1,0,0,1.0,3,0.0
2013-06-21,1,0,1,0,0,0.0,4,73.0
2013-06-22,0,0,1,0,1,1.0,5,0.0
2013-06-23,0,0,1,0,1,1.0,6,0.0
2013-06-24,0,0,1,0,0,1.0,0,0.0
2013-06-25,0,0,1,0,0,1.0,1,0.0
2013-06-26,0,0,1,0,0,1.0,2,0.0
2013-06-27,0,0,1,0,0,1.0,3,0.0
2013-06-28,1,0,1,0,0,1.0,4,51.0
2013-06-29,0,0,1,0,1,1.0,5,0.0
2013-06-30,1,0,1,0,1,1.0,6,0.0
2013-07-01,0,0,1,0,0,1.0,0,0.0
2013-07-02,1,0,1,0,0,0.0,1,0.0
2013-07-03,1,0,1,0,0,0.0,2,0.0
2013-07-04,1,0,1,0,0,0.0,3,0.0
2013-07-05,1,0,1,0,0,0.0,4,58.0
2013-07-06,1,0,1,0,1,0.0,5,0.0
2013-07-07,0,0,1,0,1,0.0,6,0.0
2013-07-08,1,0,1,0,0,0.0,0,0.0
2013-07-09,1,0,1,0,0,1.0,1,0.0
2013-07-10,1,0,1,0,0,1.0,2,0.0
2013-07-11,0,0,1,0,0,0.0,3,0.0
2013-07-12,0,0,1,0,0,0.0,4,114.0
2013-07-13,0,0,1,0,1,0.0,5,0.0
2013-07-14,0,0,1,0,1,0.0,6,0.0
2013-07-15,0,0,1,0,0,0.0,0,0.0
2013-07-16,0,0,1,0,0,1.0,1,0.0
2013-07-17,1,0,1,0,0,1.0,2,0.0
2013-07-18,1,0,1,0,0,0.0,3,0.0
2013-07-19,1,0,1,0,0,0.0,4,1.0
2013-07-20,1,0,1,0,1,1.0,5,3.0
2013-07-21,1,0,1,0,1,0.0,6,0.0
2013-07-22,0,0,1,0,0,0.0,0,0.0
2013-07-23,1,0,1,0,0,0.0,1,0.0
2013-07-24,1,0,1,0,0,0.0,2,0.0
2013-07-25,0,0,1,0,0,0.0,3,0.0
2013-07-26,1,0,1,0,0,0.0,4,71.0
2013-07-27,0,0,1,0,1,0.0,5,175.0
2013-07-28,0,0,1,0,1,0.0,6,0.0
2013-07-29,1,0,1,0,0,0.0,0,0.0
2013-07-30,1,0,1,0,0,0.0,1,0.0
2013-07-31,1,0,1,0,0,1.0,2,0.0
2013-08-01,0,0,1,0,0,1.0,3,0.0
2013-08-02,1,0,1,0,0,0.0,4,0.0
2013-08-03,1,0,1,0,1,0.0,5,2.0
2013-08-04,0,0,1,0,1,0.0,6,0.0
2013-08-05,0,0,1,0,0,0.0,0,0.0
2013-08-06,1,0,1,0,0,0.0,1,0.0
2013-08-07,1,0,1,0,0,1.0,2,1.0
2013-08-08,0,0,1,0,0,1.0,3,0.0
2013-08-09,1,0,1,0,0,1.0,4,54.0
2013-08-10,1,0,1,0,1,0.0,5,0.0
2013-08-11,0,0,1,0,1,0.0,6,0.0
2013-08-12,0,0,1,0,0,0.0,0,0.0
2013-08-13,1,0,1,0,0,0.0,1,0.0
2013-08-14,0,0,1,0,0,0.0,2,0.0
2013-08-15,1,0,1,0,0,0.0,3,0.0
2013-08-16,1,0,1,0,0,0.0,4,40.0
2013-08-17,1,0,1,0,1,0.0,5,0.0
2013-08-18,0,0,1,0,1,0.0,6,0.0
2013-08-19,0,0,1,0,0,0.0,0,0.0
2013-08-20,1,0,1,0,0,0.0,1,3.0
2013-08-21,1,0,1,0,0,0.0,2,0.0
2013-08-22,0,0,1,0,0,0.0,3,0.0
2013-08-23,1,0,1,0,0,0.0,4,17.0
2013-08-24,1,0,1,0,1,0.0,5,0.0
2013-08-25,0,0,1,0,1,0.0,6,1.0
2013-08-26,1,0,1,0,0,0.0,0,0.0
2013-08-27,1,0,1,0,0,0.0,1,0.0
2013-08-28,0,0,1,0,0,0.0,2,0.0
2013-08-29,1,0,1,0,0,0.0,3,0.0
2013-08-30,1,0,1,0,0,0.0,4,81.0
2013-08-31,1,0,0,1,1,0.0,5,0.0
2013-09-01,1,0,0,1,1,0.0,6,244.0
2013-09-02,1,0,0,1,0,0.0,0,317.0
2013-09-03,1,0,0,1,0,0.0,1,0.0
2013-09-04,0,0,0,1,0,0.0,2,350.0
2013-09-05,1,0,0,1,0,0.0,3,387.0
2013-09-06,1,0,0,1,0,0.0,4,23.0
2013-09-07,1,0,0,1,1,0.0,5,0.0
2013-09-08,1,0,0,1,1,0.0,6,0.0
2013-09-09,1,0,0,1,0,0.0,0,0.0
2013-09-10,0,0,0,1,0,0.0,1,0.0
2013-09-11,0,0,0,1,0,0.0,2,0.0
2013-09-12,1,0,0,1,0,0.0,3,2.0
2013-09-13,1,0,0,1,0,0.0,4,37.0
2013-09-14,1,0,0,1,1,1.0,5,0.0
2013-09-15,0,0,0,1,1,1.0,6,0.0
2013-09-16,1,0,0,1,0,0.0,0,0.0
2013-09-17,1,0,0,1,0,1.0,1,0.0
2013-09-18,1,0,0,1,0,1.0,2,0.0
2013-09-19,0,0,0,1,0,0.0,3,0.0
2013-09-20,1,0,0,1,0,0.0,4,43.0
2013-09-21,1,0,0,1,1,0.0,5,0.0
2013-09-22,1,0,0,1,1,0.0,6,0.0
2013-09-23,1,0,0,1,0,0.0,0,0.0
2013-09-24,1,0,0,1,0,0.0,1,0.0
2013-09-25,1,0,0,1,0,0.0,2,2.0
2013-09-26,0,0,0,1,0,0.0,3,117.0
2013-09-27,0,0,0,1,0,0.0,4,104.0
2013-09-28,1,0,0,1,1,0.0,5,69.0
2013-09-29,1,0,0,1,1,0.0,6,29.0
2013-09-30,1,0,0,1,0,0.0,0,0.0
2013-10-01,0,0,0,1,0,0.0,1,28.0
2013-10-02,1,0,0,1,0,0.0,2,0.0
2013-10-03,0,0,0,1,0,0.0,3,380.0
2013-10-04,1,0,0,1,0,1.0,4,213.0
2013-10-05,0,0,0,1,1,0.0,5,223.0
2013-10-06,1,0,0,1,1,0.0,6,228.0
2013-10-07,0,0,0,1,0,0.0,0,0.0
2013-10-08,1,0,0,1,0,1.0,1,0.0
2013-10-09,0,0,0,1,0,0.0,2,0.0
2013-10-10,1,0,0,1,0,0.0,3,0.0
2013-10-11,0,0,0,1,0,0.0,4,46.0
2013-10-12,1,0,0,1,1,0.0,5,0.0
2013-10-13,0,0,0,1,1,0.0,6,0.0
2013-10-14,1,0,0,1,0,1.0,0,0.0
2013-10-15,0,0,0,1,0,0.0,1,0.0
2013-10-16,1,0,0,1,0,0.0,2,49.0
2013-10-17,1,0,0,1,0,0.0,3,0.0
2013-10-18,1,0,0,1,0,0.0,4,154.0
2013-10-19,1,0,0,1,1,0.0,5,164.0
2013-10-20,1,0,0,1,1,0.0,6,0.0
2013-10-21,0,0,0,1,0,0.0,0,0.0
2013-10-22,1,0,0,1,0,0.0,1,0.0
2013-10-23,0,0,0,1,0,1.0,2,144.0
2013-10-24,0,0,0,1,0,0.0,3,101.0
2013-10-25,1,0,0,1,0,0.0,4,156.0
2013-10-26,0,0,0,1,1,0.0,5,113.0
2013-10-27,1,0,0,1,1,0.0,6,0.0
2013-10-28,0,0,0,1,0,1.0,0,0.0
2013-10-29,1,0,0,1,0,0.0,1,0.0
2013-10-30,0,0,0,1,0,1.0,2,0.0
2013-10-31,1,0,0,1,0,0.0,3,0.0
2013-11-01,0,0,0,1,0,0.0,4,103.0
2013-11-02,1,0,0,1,1,0.0,5,0.0
2013-11-03,0,0,0,1,1,0.0,6,0.0
2013-11-04,1,0,0,1,0,0.0,0,0.0
2013-11-05,1,0,0,1,0,0.0,1,0.0
2013-11-06,0,0,0,1,0,0.0,2,0.0
2013-11-07,1,0,0,1,0,0.0,3,36.0
2013-11-08,1,0,0,1,0,0.0,4,47.0
2013-11-09,0,0,0,1,1,1.0,5,0.0
2013-11-10,0,0,0,1,1,1.0,6,0.0
2013-11-11,1,0,0,1,0,1.0,0,0.0
2013-11-12,1,0,0,1,0,1.0,1,0.0
2013-11-13,1,0,0,1,0,1.0,2,0.0
2013-11-14,0,0,0,1,0,0.0,3,0.0
2013-11-15,1,0,0,1,0,0.0,4,37.0
2013-11-16,0,0,0,1,1,1.0,5,0.0
2013-11-17,0,0,0,1,1,1.0,6,32.0
2013-11-18,0,0,0,1,0,1.0,0,0.0
2013-11-19,1,0,0,1,0,1.0,1,0.0
2013-11-20,0,0,0,1,0,0.0,2,0.0
2013-11-21,1,0,0,1,0,0.0,3,0.0
2013-11-22,1,0,0,1,0,1.0,4,41.0
2013-11-23,1,0,0,1,1,1.0,5,2.0
2013-11-24,0,0,0,1,1,1.0,6,0.0
2013-11-25,1,0,0,1,0,0.0,0,0.0
2013-11-26,1,0,0,1,0,1.0,1,0.0
2013-11-27,0,0,0,1,0,0.0,2,0.0
2013-11-28,1,0,0,1,0,0.0,3,0.0
2013-11-29,1,0,0,1,0,1.0,4,154.0
2013-11-30,0,0,0,0,1,1.0,5,80.0
2013-12-01,0,0,0,0,1,0.0,6,0.0
2013-12-02,0,0,0,0,0,0.0,0,0.0
2013-12-03,1,0,0,0,0,0.0,1,0.0
2013-12-04,1,0,0,0,0,0.0,2,0.0
2013-12-05,0,0,0,0,0,1.0,3,0.0
2013-12-06,1,0,0,0,0,0.0,4,53.0
2013-12-07,1,0,0,0,1,0.0,5,0.0
2013-12-08,1,0,0,0,1,0.0,6,0.0
2013-12-09,0,0,0,0,0,0.0,0,0.0
2013-12-10,0,0,0,0,0,0.0,1,0.0
2013-12-11,1,0,0,0,0,0.0,2,0.0
2013-12-12,1,0,0,0,0,0.0,3,0.0
2013-12-13,1,0,0,0,0,0.0,4,27.0
2013-12-14,1,0,0,0,1,0.0,5,49.0
2013-12-15,1,0,0,0,1,0.0,6,0.0
2013-12-16,1,0,0,0,0,1.0,0,0.0
2013-12-17,1,0,0,0,0,1.0,1,0.0
2013-12-18,1,0,0,0,0,0.0,2,0.0
2013-12-19,1,0,0,0,0,0.0,3,0.0
2013-12-20,0,0,0,0,0,0.0,4,7.0
2013-12-21,0,0,0,0,1,0.0,5,0.0
2013-12-22,0,0,0,0,1,0.0,6,0.0
2013-12-23,0,0,0,0,0,0.0,0,0.0
2013-12-24,0,0,0,0,0,1.0,1,0.0
2013-12-25,1,0,0,0,0,0.0,2,0.0
2013-12-26,1,0,0,0,0,1.0,3,0.0
2013-12-27,1,0,0,0,0,1.0,4,0.0
2013-12-28,1,0,0,0,1,0.0,5,0.0
2013-12-29,0,0,0,0,1,0.0,6,0.0
2013-12-30,0,0,0,0,0,0.0,0,0.0
2013-12-31,0,0,0,0,0,0.0,1,82.0
2014-01-01,0,0,0,0,0,0.0,2,0.0
2014-01-02,0,0,0,0,0,1.0,3,0.0
2014-01-03,0,0,0,0,0,1.0,4,0.0
2014-01-04,1,0,0,0,1,0.0,5,0.0
2014-01-05,0,0,0,0,1,0.0,6,0.0
2014-01-06,0,0,0,0,0,0.0,0,0.0
2014-01-07,1,0,0,0,0,0.0,1,0.0
2014-01-08,1,0,0,0,0,1.0,2,0.0
2014-01-09,1,0,0,0,0,1.0,3,0.0
2014-01-10,0,0,0,0,0,1.0,4,4.0
2014-01-11,0,0,0,0,1,0.0,5,0.0
2014-01-12,1,0,0,0,1,0.0,6,0.0
2014-01-13,1,0,0,0,0,0.0,0,0.0
2014-01-14,1,0,0,0,0,0.0,1,0.0
2014-01-15,1,0,0,0,0,0.0,2,0.0
2014-01-16,0,0,0,0,0,0.0,3,0.0
2014-01-17,1,0,0,0,0,0.0,4,22.0
2014-01-18,0,0,0,0,1,0.0,5,69.0
2014-01-19,0,0,0,0,1,0.0,6,0.0
2014-01-20,1,0,0,0,0,0.0,0,0.0
2014-01-21,0,0,0,0,0,1.0,1,0.0
2014-01-22,1,0,0,0,0,1.0,2,0.0
2014-01-23,0,0,0,0,0,1.0,3,0.0
2014-01-24,1,0,0,0,0,1.0,4,0.0
2014-01-25,1,0,0,0,1,1.0,5,0.0
2014-01-26,0,0,0,0,1,1.0,6,35.0
2014-01-27,0,0,0,0,0,0.0,0,0.0
2014-01-28,0,0,0,0,0,0.0,1,0.0
2014-01-29,1,0,0,0,0,0.0,2,0.0
2014-01-30,1,0,0,0,0,0.0,3,0.0
2014-01-31,1,0,0,0,0,0.0,4,40.0
2014-02-01,1,0,0,0,1,0.0,5,102.0
2014-02-02,1,0,0,0,1,0.0,6,112.0
2014-02-03,1,0,0,0,0,0.0,0,0.0
2014-02-04,1,0,0,0,0,0.0,1,0.0
2014-02-05,0,0,0,0,0,1.0,2,0.0
2014-02-06,0,0,0,0,0,1.0,3,0.0
2014-02-07,1,0,0,0,0,0.0,4,33.0
2014-02-08,0,0,0,0,1,0.0,5,0.0
2014-02-09,1,0,0,0,1,0.0,6,44.0
2014-02-10,1,0,0,0,0,0.0,0,0.0
2014-02-11,1,0,0,0,0,0.0,1,0.0
2014-02-12,0,0,0,0,0,1.0,2,0.0
2014-02-13,1,0,0,0,0,1.0,3,0.0
2014-02-14,1,0,0,0,0,1.0,4,68.0
2014-02-15,0,0,0,0,1,1.0,5,8.0
2014-02-16,0,0,0,0,1,1.0,6,0.0
2014-02-17,1,0,0,0,0,1.0,0,0.0
2014-02-18,0,0,0,0,0,0.0,1,0.0
2014-02-19,0,0,0,0,0,0.0,2,0.0
2014-02-20,1,0,0,0,0,1.0,3,0.0
2014-02-21,0,0,0,0,0,0.0,4,46.0
2014-02-22,1,0,0,0,1,0.0,5,588.0
2014-02-23,1,0,0,0,1,1.0,6,45.0
2014-02-24,0,0,0,0,0,1.0,0,73.0
2014-02-25,1,0,0,0,0,0.0,1,87.0
2014-02-26,1,0,0,0,0,0.0,2,34.0
2014-02-27,0,0,0,0,0,1.0,3,0.0
2014-02-28,1,0,0,0,0,1.0,4,24.0
2014-03-01,1,0,0,0,1,1.0,5,1206.0
2014-03-02,0,1,0,0,1,1.0,6,219.0
2014-03-03,0,1,0,0,0,1.0,0,0.0
2014-03-04,1,1,0,0,0,1.0,1,24.0
2014-03-05,0,1,0,0,0,0.0,2,32.0
2014-03-06,0,1,0,0,0,1.0,3,27.0
2014-03-07,1,1,0,0,0,0.0,4,18.0
2014-03-08,0,1,0,0,1,1.0,5,64.0
2014-03-09,1,1,0,0,1,1.0,6,0.0
2014-03-10,1,1,0,0,0,0.0,0,264.0
2014-03-11,1,1,0,0,0,0.0,1,0.0
2014-03-12,0,1,0,0,0,0.0,2,0.0
2014-03-13,1,1,0,0,0,1.0,3,0.0
2014-03-14,1,1,0,0,0,0.0,4,50.0
2014-03-15,1,1,0,0,1,0.0,5,17.0
2014-03-16,1,1,0,0,1,1.0,6,0.0
2014-03-17,0,1,0,0,0,1.0,0,0.0
2014-03-18,1,1,0,0,0,0.0,1,0.0
2014-03-19,1,1,0,0,0,0.0,2,0.0
2014-03-20,0,1,0,0,0,0.0,3,0.0
2014-03-21,0,1,0,0,0,1.0,4,85.0
2014-03-22,0,1,0,0,1,0.0,5,0.0
2014-03-23,0,1,0,0,1,0.0,6,0.0
2014-03-24,0,1,0,0,0,1.0,0,0.0
2014-03-25,0,1,0,0,0,1.0,1,0.0
2014-03-26,0,1,0,0,0,1.0,2,0.0
2014-03-27,1,1,0,0,0,1.0,3,0.0
2014-03-28,0,1,0,0,0,1.0,4,0.0
2014-03-29,1,1,0,0,1,1.0,5,0.0
2014-03-30,1,1,0,0,1,1.0,6,0.0
2014-03-31,1,1,0,0,0,1.0,0,0.0
2014-04-01,1,1,0,0,0,0.0,1,0.0
2014-04-02,1,1,0,0,0,0.0,2,0.0
2014-04-03,1,1,0,0,0,0.0,3,0.0
2014-04-04,1,1,0,0,0,1.0,4,25.0
2014-04-05,1,1,0,0,1,0.0,5,0.0
2014-04-06,1,1,0,0,1,0.0,6,2.0
2014-04-07,0,1,0,0,0,1.0,0,0.0
2014-04-08,0,1,0,0,0,1.0,1,0.0
2014-04-09,1,1,0,0,0,0.0,2,0.0
2014-04-10,0,1,0,0,0,0.0,3,0.0
2014-04-11,0,1,0,0,0,1.0,4,53.0
2014-04-12,1,1,0,0,1,1.0,5,0.0
2014-04-13,0,1,0,0,1,1.0,6,0.0
2014-04-14,1,1,0,0,0,1.0,0,0.0
2014-04-15,1,1,0,0,0,1.0,1,0.0
2014-04-16,1,1,0,0,0,1.0,2,0.0
2014-04-17,1,1,0,0,0,0.0,3,34.0
2014-04-18,0,1,0,0,0,0.0,4,0.0
2014-04-19,0,1,0,0,1,0.0,5,0.0
2014-04-20,0,1,0,0,1,0.0,6,0.0
2014-04-21,0,1,0,0,0,0.0,0,0.0
2014-04-22,0,1,0,0,0,0.0,1,0.0
2014-04-23,0,1,0,0,0,0.0,2,0.0
2014-04-24,0,1,0,0,0,0.0,3,0.0
2014-04-25,1,1,0,0,0,1.0,4,44.0
2014-04-26,0,1,0,0,1,1.0,5,0.0
2014-04-27,1,1,0,0,1,1.0,6,0.0
2014-04-28,0,1,0,0,0,1.0,0,0.0
2014-04-29,1,1,0,0,0,0.0,1,0.0
2014-04-30,1,1,0,0,0,1.0,2,0.0
2014-05-01,1,1,0,0,0,0.0,3,0.0
2014-05-02,0,1,0,0,0,0.0,4,28.0
2014-05-03,0,1,0,0,1,1.0,5,0.0
2014-05-04,1,1,0,0,1,1.0,6,0.0
2014-05-05,0,1,0,0,0,0.0,0,0.0
2014-05-06,0,1,0,0,0,0.0,1,0.0
2014-05-07,1,1,0,0,0,1.0,2,0.0
2014-05-08,1,1,0,0,0,0.0,3,0.0
2014-05-09,1,1,0,0,0,1.0,4,114.0
2014-05-10,0,1,0,0,1,0.0,5,0.0
2014-05-11,0,1,0,0,1,1.0,6,0.0
2014-05-12,1,1,0,0,0,1.0,0,0.0
2014-05-13,1,1,0,0,0,1.0,1,0.0
2014-05-14,1,1,0,0,0,0.0,2,0.0
2014-05-15,1,1,0,0,0,0.0,3,0.0
2014-05-16,1,1,0,0,0,0.0,4,40.0
2014-05-17,1,1,0,0,1,0.0,5,0.0
2014-05-18,0,1,0,0,1,0.0,6,0.0
2014-05-19,1,1,0,0,0,0.0,0,0.0
2014-05-20,0,1,0,0,0,0.0,1,0.0
2014-05-21,1,1,0,0,0,0.0,2,0.0
2014-05-22,0,1,0,0,0,0.0,3,0.0
2014-05-23,1,1,0,0,0,0.0,4,72.0
2014-05-24,1,1,0,0,1,0.0,5,6.0
2014-05-25,1,1,0,0,1,0.0,6,0.0
2014-05-26,1,1,0,0,0,0.0,0,0.0
2014-05-27,0,1,0,0,0,0.0,1,0.0
2014-05-28,0,1,0,0,0,0.0,2,0.0
2014-05-29,1,1,0,0,0,0.0,3,0.0
2014-05-30,1,1,0,0,0,1.0,4,17.0
2014-05-31,1,1,0,0,1,1.0,5,0.0
2014-06-01,1,0,1,0,1,0.0,6,0.0
2014-06-02,0,0,1,0,0,1.0,0,0.0
2014-06-03,0,0,1,0,0,0.0,1,0.0
2014-06-04,1,0,1,0,0,0.0,2,0.0
2014-06-05,1,0,1,0,0,1.0,3,0.0
2014-06-06,0,0,1,0,0,1.0,4,99.0
2014-06-07,0,0,1,0,1,1.0,5,3.0
2014-06-08,1,0,1,0,1,1.0,6,21.0
2014-06-09,1,0,1,0,0,1.0,0,0.0
2014-06-10,1,0,1,0,0,1.0,1,0.0
2014-06-11,0,0,1,0,0,1.0,2,0.0
2014-06-12,1,0,1,0,0,0.0,3,0.0
2014-06-13,1,0,1,0,0,0.0,4,42.0
2014-06-14,0,0,1,0,1,1.0,5,0.0
2014-06-15,0,0,1,0,1,1.0,6,0.0
2014-06-16,0,0,1,0,0,1.0,0,0.0
2014-06-17,1,0,1,0,0,0.0,1,7.0
2014-06-18,1,0,1,0,0,0.0,2,0.0
2014-06-19,0,0,1,0,0,0.0,3,107.0
2014-06-20,0,0,1,0,0,0.0,4,38.0
2014-06-21,0,0,1,0,1,0.0,5,0.0
2014-06-22,1,0,1,0,1,0.0,6,4.0
2014-06-23,0,0,1,0,0,0.0,0,0.0
2014-06-24,1,0,1,0,0,0.0,1,0.0
2014-06-25,0,0,1,0,0,0.0,2,0.0
2014-06-26,1,0,1,0,0,0.0,3,0.0
2014-06-27,1,0,1,0,0,0.0,4,65.0
2014-06-28,0,0,1,0,1,0.0,5,0.0
2014-06-29,0,0,1,0,1,0.0,6,0.0
2014-06-30,1,0,1,0,0,0.0,0,0.0
2014-07-01,1,0,1,0,0,0.0,1,0.0
2014-07-02,0,0,1,0,0,0.0,2,0.0
2014-07-03,0,0,1,0,0,0.0,3,0.0
2014-07-04,0,0,1,0,0,0.0,4,13.0
2014-07-05,0,0,1,0,1,0.0,5,6.0
2014-07-06,0,0,1,0,1,0.0,6,0.0
2014-07-07,1,0,1,0,0,0.0,0,0.0
2014-07-08,1,0,1,0,0,0.0,1,0.0
2014-07-09,1,0,1,0,0,0.0,2,0.0
2014-07-10,0,0,1,0,0,1.0,3,0.0
2014-07-11,1,0,1,0,0,0.0,4,40.0
2014-07-12,1,0,1,0,1,0.0,5,1.0
2014-07-13,0,0,1,0,1,1.0,6,0.0
2014-07-14,0,0,1,0,0,0.0,0,0.0
2014-07-15,1,0,1,0,0,1.0,1,0.0
2014-07-16,1,0,1,0,0,1.0,2,0.0
2014-07-17,0,0,1,0,0,1.0,3,0.0
2014-07-18,1,0,1,0,0,0.0,4,33.0
2014-07-19,1,0,1,0,1,1.0,5,5.0
2014-07-20,0,0,1,0,1,0.0,6,0.0
2014-07-21,0,0,1,0,0,0.0,0,0.0
2014-07-22,0,0,1,0,0,0.0,1,87.0
2014-07-23,0,0,1,0,0,0.0,2,1.0
2014-07-24,0,0,1,0,0,0.0,3,0.0
2014-07-25,1,0,1,0,0,0.0,4,0.0
2014-07-26,1,0,1,0,1,1.0,5,0.0
2014-07-27,0,0,1,0,1,1.0,6,31.0
2014-07-28,0,0,1,0,0,0.0,0,0.0
2014-07-29,1,0,1,0,0,0.0,1,0.0
2014-07-30,1,0,1,0,0,0.0,2,0.0
2014-07-31,1,0,1,0,0,0.0,3,0.0
2014-08-01,1,0,1,0,0,0.0,4,0.0
2014-08-02,0,0,1,0,1,0.0,5,3.0
2014-08-03,1,0,1,0,1,0.0,6,0.0
2014-08-04,0,0,1,0,0,0.0,0,0.0
2014-08-05,1,0,1,0,0,0.0,1,0.0
2014-08-06,1,0,1,0,0,0.0,2,0.0
2014-08-07,1,0,1,0,0,0.0,3,0.0
2014-08-08,1,0,1,0,0,0.0,4,0.0
2014-08-09,1,0,1,0,1,0.0,5,0.0
2014-08-10,0,0,1,0,1,0.0,6,0.0
2014-08-11,1,0,1,0,0,0.0,0,0.0
2014-08-12,0,0,1,0,0,1.0,1,0.0
2014-08-13,0,0,1,0,0,1.0,2,0.0
2014-08-14,1,0,1,0,0,0.0,3,0.0
2014-08-15,1,0,1,0,0,0.0,4,0.0
2014-08-16,0,0,1,0,1,0.0,5,21.0
2014-08-17,1,0,1,0,1,1.0,6,0.0
2014-08-18,1,0,1,0,0,1.0,0,0.0
2014-08-19,0,0,1,0,0,1.0,1,0.0
2014-08-20,1,0,1,0,0,1.0,2,25.0
2014-08-21,0,0,1,0,0,1.0,3,0.0
2014-08-22,1,0,1,0,0,1.0,4,11.0
2014-08-23,1,0,1,0,1,1.0,5,6.0
2014-08-24,0,0,1,0,1,1.0,6,0.0
2014-08-25,0,0,1,0,0,0.0,0,0.0
2014-08-26,1,0,1,0,0,1.0,1,5.0
2014-08-27,1,0,1,0,0,1.0,2,0.0
2014-08-28,0,0,1,0,0,1.0,3,0.0
2014-08-29,1,0,1,0,0,0.0,4,559.0
2014-08-30,1,0,1,0,1,0.0,5,45.0
2014-08-31,1,0,0,1,1,0.0,6,0.0
2014-09-01,0,0,0,1,0,0.0,0,0.0
2014-09-02,0,0,0,1,0,0.0,1,1.0
2014-09-03,1,0,0,1,0,1.0,2,0.0
2014-09-04,0,0,0,1,0,1.0,3,0.0
2014-09-05,1,0,0,1,0,1.0,4,108.0
2014-09-06,0,0,0,1,1,1.0,5,0.0
2014-09-07,0,0,0,1,1,1.0,6,0.0
2014-09-08,0,0,0,1,0,1.0,0,0.0
2014-09-09,1,0,0,1,0,0.0,1,11.0
2014-09-10,1,0,0,1,0,1.0,2,0.0
2014-09-11,0,0,0,1,0,0.0,3,0.0
2014-09-12,0,0,0,1,0,1.0,4,109.0
2014-09-13,0,0,0,1,1,0.0,5,0.0
2014-09-14,0,0,0,1,1,1.0,6,25.0
2014-09-15,0,0,0,1,0,0.0,0,0.0
2014-09-16,1,0,0,1,0,1.0,1,0.0
2014-09-17,1,0,0,1,0,1.0,2,0.0
2014-09-18,1,0,0,1,0,0.0,3,0.0
2014-09-19,1,0,0,1,0,0.0,4,0.0
2014-09-20,0,0,0,1,1,0.0,5,0.0
2014-09-21,0,0,0,1,1,1.0,6,7.0
2014-09-22,0,0,0,1,0,0.0,0,0.0
2014-09-23,0,0,0,1,0,0.0,1,0.0
2014-09-24,1,0,0,1,0,0.0,2,0.0
2014-09-25,0,0,0,1,0,0.0,3,0.0
2014-09-26,0,0,0,1,0,1.0,4,0.0
2014-09-27,0,0,0,1,1,1.0,5,1.0
2014-09-28,0,0,0,1,1,0.0,6,0.0
2014-09-29,1,0,0,1,0,0.0,0,0.0
2014-09-30,1,0,0,1,0,0.0,1,0.0
2014-10-01,0,0,0,1,0,0.0,2,0.0
2014-10-02,0,0,0,1,0,0.0,3,0.0
2014-10-03,0,0,0,1,0,0.0,4,52.0
2014-10-04,0,0,0,1,1,0.0,5,374.0
2014-10-05,1,0,0,1,1,0.0,6,0.0
2014-10-06,1,0,0,1,0,0.0,0,0.0
2014-10-07,0,0,0,1,0,0.0,1,0.0
2014-10-08,1,0,0,1,0,1.0,2,0.0
2014-10-09,0,0,0,1,0,0.0,3,2.0
2014-10-10,1,0,0,1,0,0.0,4,6.0
2014-10-11,0,0,0,1,1,0.0,5,0.0
2014-10-12,0,0,0,1,1,0.0,6,0.0
2014-10-13,0,0,0,1,0,0.0,0,0.0
2014-10-14,0,0,0,1,0,1.0,1,0.0
2014-10-15,1,0,0,1,0,1.0,2,0.0
2014-10-16,1,0,0,1,0,1.0,3,0.0
2014-10-17,0,0,0,1,0,0.0,4,0.0
2014-10-18,1,0,0,1,1,0.0,5,113.0
2014-10-19,1,0,0,1,1,1.0,6,70.0
2014-10-20,0,0,0,1,0,0.0,0,0.0
2014-10-21,1,0,0,1,0,1.0,1,0.0
2014-10-22,1,0,0,1,0,0.0,2,0.0
2014-10-23,1,0,0,1,0,0.0,3,0.0
2014-10-24,1,0,0,1,0,0.0,4,55.0
2014-10-25,0,0,0,1,1,0.0,5,0.0
2014-10-26,0,0,0,1,1,0.0,6,0.0
2014-10-27,0,0,0,1,0,0.0,0,0.0
2014-10-28,1,0,0,1,0,0.0,1,0.0
2014-10-29,1,0,0,1,0,0.0,2,0.0
2014-10-30,1,0,0,1,0,0.0,3,0.0
2014-10-31,1,0,0,1,0,0.0,4,39.0
2014-11-01,0,0,0,1,1,0.0,5,7.0
2014-11-02,1,0,0,1,1,1.0,6,0.0
2014-11-03,0,0,0,1,0,0.0,0,0.0
2014-11-04,0,0,0,1,0,0.0,1,0.0
2014-11-05,1,0,0,1,0,0.0,2,0.0
2014-11-06,1,0,0,1,0,1.0,3,0.0
2014-11-07,1,0,0,1,0,0.0,4,0.0
2014-11-08,0,0,0,1,1,0.0,5,237.0
2014-11-09,0,0,0,1,1,0.0,6,0.0
2014-11-10,1,0,0,1,0,0.0,0,0.0
2014-11-11,1,0,0,1,0,0.0,1,0.0
2014-11-12,0,0,0,1,0,1.0,2,4.0
2014-11-13,1,0,0,1,0,0.0,3,0.0
2014-11-14,1,0,0,1,0,0.0,4,0.0
2014-11-15,1,0,0,1,1,0.0,5,0.0
2014-11-16,1,0,0,1,1,1.0,6,0.0
2014-11-17,0,0,0,1,0,0.0,0,0.0
2014-11-18,1,0,0,1,0,0.0,1,0.0
2014-11-19,1,0,0,1,0,0.0,2,0.0
2014-11-20,1,0,0,1,0,0.0,3,0.0
2014-11-21,1,0,0,1,0,0.0,4,0.0
2014-11-22,1,0,0,1,1,0.0,5,26.0
2014-11-23,1,0,0,1,1,0.0,6,0.0
2014-11-24,1,0,0,1,0,1.0,0,0.0
2014-11-25,0,0,0,1,0,1.0,1,0.0
2014-11-26,0,0,0,1,0,0.0,2,0.0
2014-11-27,1,0,0,1,0,1.0,3,0.0
2014-11-28,0,0,0,1,0,1.0,4,0.0
2014-11-29,0,0,0,1,1,0.0,5,0.0
2014-11-30,0,0,0,0,1,0.0,6,0.0
2014-12-01,0,0,0,0,0,1.0,0,0.0
2014-12-02,1,0,0,0,0,1.0,1,0.0
2014-12-03,0,0,0,0,0,1.0,2,0.0
2014-12-04,1,0,0,0,0,1.0,3,0.0
2014-12-05,1,0,0,0,0,1.0,4,85.0
2014-12-06,1,0,0,0,1,1.0,5,0.0
2014-12-07,0,0,0,0,1,1.0,6,0.0
2014-12-08,1,0,0,0,0,1.0,0,0.0
2014-12-09,0,0,0,0,0,1.0,1,0.0
2014-12-10,1,0,0,0,0,0.0,2,0.0
2014-12-11,1,0,0,0,0,1.0,3,0.0
2014-12-12,1,0,0,0,0,1.0,4,0.0
2014-12-13,1,0,0,0,1,0.0,5,0.0
2014-12-14,1,0,0,0,1,0.0,6,0.0
2014-12-15,0,0,0,0,0,0.0,0,0.0
2014-12-16,0,0,0,0,0,0.0,1,0.0
2014-12-17,1,0,0,0,0,0.0,2,0.0
2014-12-18,1,0,0,0,0,0.0,3,0.0
2014-12-19,1,0,0,0,0,0.0,4,30.0
2014-12-20,1,0,0,0,1,0.0,5,0.0
2014-12-21,0,0,0,0,1,0.0,6,0.0
2014-12-22,1,0,0,0,0,0.0,0,0.0
2014-12-23,1,0,0,0,0,1.0,1,0.0
2014-12-24,0,0,0,0,0,1.0,2,0.0
2014-12-25,0,0,0,0,0,0.0,3,0.0
2014-12-26,1,0,0,0,0,1.0,4,0.0
2014-12-27,1,0,0,0,1,0.0,5,0.0
2014-12-28,1,0,0,0,1,1.0,6,0.0
2014-12-29,0,0,0,0,0,0.0,0,0.0
2014-12-30,0,0,0,0,0,0.0,1,0.0
2014-12-31,0,0,0,0,0,0.0,2,55.0
2015-01-01,0,0,0,0,0,0.0,3,0.0
2015-01-02,0,0,0,0,0,0.0,4,0.0
2015-01-03,0,0,0,0,1,0.0,5,0.0
2015-01-04,1,0,0,0,1,0.0,6,0.0
2015-01-05,1,0,0,0,0,0.0,0,0.0
2015-01-06,0,0,0,0,0,0.0,1,0.0
2015-01-07,1,0,0,0,0,0.0,2,0.0
2015-01-08,1,0,0,0,0,0.0,3,0.0
2015-01-09,0,0,0,0,0,0.0,4,0.0
2015-01-10,0,0,0,0,1,0.0,5,0.0
2015-01-11,1,0,0,0,1,1.0,6,0.0
2015-01-12,0,0,0,0,0,1.0,0,0.0
2015-01-13,0,0,0,0,0,1.0,1,0.0
2015-01-14,0,0,0,0,0,1.0,2,0.0
2015-01-15,1,0,0,0,0,0.0,3,0.0
2015-01-16,0,0,0,0,0,0.0,4,0.0
2015-01-17,0,0,0,0,1,0.0,5,20.0
2015-01-18,0,0,0,0,1,0.0,6,0.0
2015-01-19,0,0,0,0,0,1.0,0,0.0
2015-01-20,0,0,0,0,0,1.0,1,0.0
2015-01-21,1,0,0,0,0,1.0,2,0.0
2015-01-22,0,0,0,0,0,1.0,3,0.0
2015-01-23,1,0,0,0,0,0.0,4,0.0
2015-01-24,1,0,0,0,1,0.0,5,0.0
2015-01-25,0,0,0,0,1,1.0,6,0.0
2015-01-26,1,0,0,0,0,0.0,0,0.0
2015-01-27,1,0,0,0,0,1.0,1,0.0
2015-01-28,0,0,0,0,0,1.0,2,0.0
2015-01-29,1,0,0,0,0,1.0,3,0.0
2015-01-30,0,0,0,0,0,0.0,4,0.0
2015-01-31,0,0,0,0,1,0.0,5,0.0
2015-02-01,0,0,0,0,1,0.0,6,0.0
2015-02-02,0,0,0,0,0,1.0,0,0.0
2015-02-03,0,0,0,0,0,1.0,1,0.0
2015-02-04,0,0,0,0,0,1.0,2,0.0
2015-02-05,0,0,0,0,0,1.0,3,0.0
2015-02-06,0,0,0,0,0,1.0,4,161.0
2015-02-07,0,0,0,0,1,0.0,5,129.0
2015-02-08,0,0,0,0,1,0.0,6,0.0
2015-02-09,0,0,0,0,0,0.0,0,0.0
2015-02-10,1,0,0,0,0,1.0,1,0.0
2015-02-11,0,0,0,0,0,0.0,2,0.0
2015-02-12,0,0,0,0,0,0.0,3,0.0
2015-02-13,1,0,0,0,0,1.0,4,0.0
2015-02-14,1,0,0,0,1,1.0,5,0.0
2015-02-15,0,0,0,0,1,1.0,6,0.0
2015-02-16,0,0,0,0,0,0.0,0,0.0
2015-02-17,0,0,0,0,0,0.0,1,0.0
2015-02-18,0,0,0,0,0,0.0,2,0.0
2015-02-19,0,0,0,0,0,1.0,3,0.0
2015-02-20,1,0,0,0,0,0.0,4,0.0
2015-02-21,1,0,0,0,1,1.0,5,219.0
2015-02-22,0,0,0,0,1,1.0,6,7711.0
2015-02-23,0,0,0,0,0,1.0,0,0.0
2015-02-24,1,0,0,0,0,1.0,1,0.0
2015-02-25,1,0,0,0,0,0.0,2,0.0
2015-02-26,0,0,0,0,0,1.0,3,115.0
2015-02-27,1,0,0,0,0,1.0,4,0.0
2015-02-28,1,0,0,0,1,0.0,5,757.0
2015-03-01,1,0,0,0,1,0.0,6,38.0
2015-03-02,1,1,0,0,0,1.0,0,146.0
2015-03-03,0,1,0,0,0,0.0,1,50.0
2015-03-04,1,1,0,0,0,0.0,2,0.0
2015-03-05,1,1,0,0,0,0.0,3,145.0
2015-03-06,1,1,0,0,0,0.0,4,0.0
2015-03-07,0,1,0,0,1,1.0,5,15791.0
2015-03-08,1,1,0,0,1,0.0,6,1263.0
2015-03-09,1,1,0,0,0,0.0,0,0.0
2015-03-10,1,1,0,0,0,0.0,1,0.0
2015-03-11,0,1,0,0,0,0.0,2,0.0
2015-03-12,0,1,0,0,0,1.0,3,0.0
2015-03-13,0,1,0,0,0,1.0,4,0.0
2015-03-14,0,1,0,0,1,1.0,5,0.0
2015-03-15,0,1,0,0,1,0.0,6,0.0
2015-03-16,0,1,0,0,0,1.0,0,0.0
2015-03-17,1,1,0,0,0,0.0,1,0.0
2015-03-18,1,1,0,0,0,0.0,2,0.0
2015-03-19,1,1,0,0,0,1.0,3,0.0
2015-03-20,0,1,0,0,0,0.0,4,0.0
2015-03-21,1,1,0,0,1,0.0,5,0.0
2015-03-22,0,1,0,0,1,1.0,6,0.0
2015-03-23,1,1,0,0,0,1.0,0,0.0
2015-03-24,1,1,0,0,0,0.0,1,0.0
2015-03-25,0,1,0,0,0,1.0,2,0.0
2015-03-26,1,1,0,0,0,1.0,3,0.0
2015-03-27,0,1,0,0,0,0.0,4,0.0
2015-03-28,1,1,0,0,1,0.0,5,0.0
2015-03-29,0,1,0,0,1,0.0,6,0.0
2015-03-30,0,1,0,0,0,0.0,0,0.0
2015-03-31,0,1,0,0,0,1.0,1,0.0
2015-04-01,1,1,0,0,0,1.0,2,0.0
2015-04-02,1,1,0,0,0,1.0,3,0.0
2015-04-03,0,1,0,0,0,1.0,4,0.0
2015-04-04,0,1,0,0,1,1.0,5,0.0
2015-04-05,0,1,0,0,1,1.0,6,0.0
2015-04-06,0,1,0,0,0,0.0,0,0.0
2015-04-07,0,1,0,0,0,1.0,1,0.0
2015-04-08,0,1,0,0,0,1.0,2,0.0
2015-04-09,0,1,0,0,0,0.0,3,0.0
2015-04-10,0,1,0,0,0,1.0,4,0.0
2015-04-11,1,1,0,0,1,1.0,5,0.0
2015-04-12,1,1,0,0,1,0.0,6,0.0
2015-04-13,1,1,0,0,0,0.0,0,0.0
2015-04-14,1,1,0,0,0,0.0,1,0.0
2015-04-15,0,1,0,0,0,0.0,2,0.0
2015-04-16,0,1,0,0,0,1.0,3,0.0
2015-04-17,1,1,0,0,0,1.0,4,0.0
2015-04-18,0,1,0,0,1,1.0,5,0.0
2015-04-19,1,1,0,0,1,1.0,6,0.0
2015-04-20,0,1,0,0,0,1.0,0,0.0
2015-04-21,0,1,0,0,0,1.0,1,0.0
2015-04-22,1,1,0,0,0,1.0,2,0.0
2015-04-23,0,1,0,0,0,1.0,3,0.0
2015-04-24,0,1,0,0,0,0.0,4,0.0
2015-04-25,1,1,0,0,1,0.0,5,0.0
2015-04-26,0,1,0,0,1,1.0,6,0.0
2015-04-27,1,1,0,0,0,1.0,0,0.0
2015-04-28,0,1,0,0,0,0.0,1,0.0
2015-04-29,0,1,0,0,0,0.0,2,0.0
2015-04-30,1,1,0,0,0,1.0,3,72.0
2015-05-01,1,1,0,0,0,1.0,4,52.0
2015-05-02,1,1,0,0,1,1.0,5,0.0
2015-05-03,0,1,0,0,1,1.0,6,15.0
2015-05-04,1,1,0,0,0,1.0,0,0.0
2015-05-05,0,1,0,0,0,0.0,1,0.0
2015-05-06,0,1,0,0,0,0.0,2,0.0
2015-05-07,1,1,0,0,0,0.0,3,0.0
2015-05-08,1,1,0,0,0,0.0,4,16.0
2015-05-09,0,1,0,0,1,0.0,5,69.0
2015-05-10,1,1,0,0,1,0.0,6,0.0
2015-05-11,0,1,0,0,0,0.0,0,0.0
2015-05-12,0,1,0,0,0,0.0,1,0.0
2015-05-13,0,1,0,0,0,0.0,2,0.0
2015-05-14,1,1,0,0,0,1.0,3,0.0
2015-05-15,1,1,0,0,0,0.0,4,0.0
2015-05-16,0,1,0,0,1,1.0,5,38.0
2015-05-17,0,1,0,0,1,1.0,6,0.0
2015-05-18,1,1,0,0,0,1.0,0,0.0
2015-05-19,1,1,0,0,0,1.0,1,0.0
2015-05-20,0,1,0,0,0,1.0,2,0.0
2015-05-21,0,1,0,0,0,1.0,3,0.0
2015-05-22,1,1,0,0,0,1.0,4,89.0
2015-05-23,1,1,0,0,1,1.0,5,0.0
2015-05-24,0,1,0,0,1,1.0,6,0.0
2015-05-25,1,1,0,0,0,0.0,0,0.0
2015-05-26,0,1,0,0,0,0.0,1,0.0
2015-05-27,0,1,0,0,0,0.0,2,0.0
2015-05-28,1,1,0,0,0,0.0,3,0.0
2015-05-29,1,1,0,0,0,1.0,4,0.0
2015-05-30,0,1,0,0,1,0.0,5,0.0
2015-05-31,0,1,0,0,1,0.0,6,0.0
2015-06-01,1,0,1,0,0,0.0,0,0.0
2015-06-02,1,0,1,0,0,0.0,1,0.0
2015-06-03,0,0,1,0,0,0.0,2,0.0
2015-06-04,1,0,1,0,0,0.0,3,0.0
2015-06-05,0,0,1,0,0,0.0,4,0.0
2015-06-06,1,0,1,0,1,1.0,5,83.0
2015-06-07,1,0,1,0,1,0.0,6,0.0
2015-06-08,1,0,1,0,0,0.0,0,0.0
2015-06-09,1,0,1,0,0,0.0,1,0.0
2015-06-10,1,0,1,0,0,1.0,2,0.0
2015-06-11,1,0,1,0,0,1.0,3,0.0
2015-06-12,1,0,1,0,0,1.0,4,11.0
2015-06-13,1,0,1,0,1,0.0,5,0.0
2015-06-14,1,0,1,0,1,0.0,6,0.0
2015-06-15,0,0,1,0,0,0.0,0,0.0
2015-06-16,1,0,1,0,0,1.0,1,0.0
2015-06-17,0,0,1,0,0,1.0,2,0.0
2015-06-18,1,0,1,0,0,1.0,3,0.0
2015-06-19,0,0,1,0,0,1.0,4,9.0
2015-06-20,1,0,1,0,1,1.0,5,42.0
2015-06-21,0,0,1,0,1,1.0,6,0.0
2015-06-22,0,0,1,0,0,1.0,0,0.0
2015-06-23,0,0,1,0,0,0.0,1,0.0
2015-06-24,1,0,1,0,0,0.0,2,271.0
2015-06-25,1,0,1,0,0,0.0,3,0.0
2015-06-26,0,0,1,0,0,1.0,4,0.0
2015-06-27,0,0,1,0,1,0.0,5,234.0
2015-06-28,1,0,1,0,1,0.0,6,0.0
2015-06-29,0,0,1,0,0,0.0,0,0.0
2015-06-30,1,0,1,0,0,0.0,1,0.0
2015-07-01,1,0,1,0,0,1.0,2,0.0
2015-07-02,1,0,1,0,0,0.0,3,0.0
2015-07-03,1,0,1,0,0,0.0,4,107.0
2015-07-04,0,0,1,0,1,0.0,5,0.0
2015-07-05,0,0,1,0,1,0.0,6,0.0
2015-07-06,1,0,1,0,0,0.0,0,0.0
2015-07-07,0,0,1,0,0,0.0,1,0.0
2015-07-08,0,0,1,0,0,1.0,2,71.0
2015-07-09,0,0,1,0,0,0.0,3,0.0
2015-07-10,0,0,1,0,0,0.0,4,0.0
2015-07-11,0,0,1,0,1,1.0,5,0.0
2015-07-12,0,0,1,0,1,1.0,6,0.0
2015-07-13,1,0,1,0,0,1.0,0,0.0
2015-07-14,1,0,1,0,0,1.0,1,0.0
2015-07-15,0,0,1,0,0,0.0,2,0.0
2015-07-16,1,0,1,0,0,1.0,3,0.0
2015-07-17,0,0,1,0,0,1.0,4,0.0
2015-07-18,0,0,1,0,1,1.0,5,0.0
2015-07-19,0,0,1,0,1,0.0,6,0.0
2015-07-20,0,0,1,0,0,0.0,0,0.0
2015-07-21,0,0,1,0,0,1.0,1,0.0
2015-07-22,0,0,1,0,0,0.0,2,0.0
2015-07-23,0,0,1,0,0,1.0,3,0.0
2015-07-24,1,0,1,0,0,0.0,4,0.0
2015-07-25,1,0,1,0,1,0.0,5,62.0
2015-07-26,1,0,1,0,1,0.0,6,0.0
2015-07-27,0,0,1,0,0,0.0,0,0.0
2015-07-28,0,0,1,0,0,0.0,1,0.0
2015-07-29,0,0,1,0,0,0.0,2,0.0
2015-07-30,1,0,1,0,0,0.0,3,0.0
2015-07-31,1,0,1,0,0,0.0,4,0.0
2015-08-01,0,0,1,0,1,0.0,5,0.0
2015-08-02,0,0,1,0,1,0.0,6,0.0
2015-08-03,0,0,1,0,0,0.0,0,0.0
2015-08-04,1,0,1,0,0,0.0,1,0.0
2015-08-05,0,0,1,0,0,0.0,2,0.0
2015-08-06,1,0,1,0,0,0.0,3,0.0
2015-08-07,1,0,1,0,0,0.0,4,103.0
2015-08-08,0,0,1,0,1,0.0,5,0.0
2015-08-09,0,0,1,0,1,0.0,6,0.0
2015-08-10,0,0,1,0,0,0.0,0,0.0
2015-08-11,1,0,1,0,0,0.0,1,0.0
2015-08-12,1,0,1,0,0,0.0,2,0.0
2015-08-13,0,0,1,0,0,0.0,3,0.0
2015-08-14,1,0,1,0,0,0.0,4,0.0
2015-08-15,0,0,1,0,1,0.0,5,0.0
2015-08-16,0,0,1,0,1,0.0,6,0.0
2015-08-17,0,0,1,0,0,1.0,0,0.0
2015-08-18,1,0,1,0,0,0.0,1,0.0
2015-08-19,0,0,1,0,0,0.0,2,0.0
2015-08-20,1,0,1,0,0,0.0,3,0.0
2015-08-21,1,0,1,0,0,0.0,4,0.0
2015-08-22,1,0,1,0,1,0.0,5,0.0
2015-08-23,0,0,1,0,1,1.0,6,0.0
2015-08-24,0,0,1,0,0,1.0,0,0.0
2015-08-25,0,0,1,0,0,1.0,1,339.0
2015-08-26,1,0,1,0,0,1.0,2,0.0
2015-08-27,1,0,1,0,0,0.0,3,0.0
2015-08-28,1,0,1,0,0,0.0,4,0.0
2015-08-29,0,0,1,0,1,0.0,5,0.0
2015-08-30,0,0,1,0,1,0.0,6,0.0
2015-08-31,1,0,0,1,0,0.0,0,0.0
2015-09-01,1,0,0,1,0,0.0,1,0.0
2015-09-02,1,0,0,1,0,0.0,2,0.0
2015-09-03,0,0,0,1,0,1.0,3,0.0
2015-09-04,0,0,0,1,0,1.0,4,0.0
2015-09-05,1,0,0,1,1,0.0,5,0.0
2015-09-06,0,0,0,1,1,1.0,6,0.0
2015-09-07,0,0,0,1,0,0.0,0,0.0
2015-09-08,1,0,0,1,0,1.0,1,0.0
2015-09-09,0,0,0,1,0,0.0,2,0.0
2015-09-10,1,0,0,1,0,1.0,3,0.0
2015-09-11,0,0,0,1,0,1.0,4,6790.0
2015-09-12,0,0,0,1,1,0.0,5,10217.0
2015-09-13,0,0,0,1,1,0.0,6,6573.0
2015-09-14,1,0,0,1,0,0.0,0,0.0
2015-09-15,1,0,0,1,0,0.0,1,0.0
2015-09-16,0,0,0,1,0,0.0,2,0.0
2015-09-17,1,0,0,1,0,0.0,3,0.0
2015-09-18,1,0,0,1,0,1.0,4,1604.0
2015-09-19,1,0,0,1,1,1.0,5,0.0
2015-09-20,0,0,0,1,1,0.0,6,0.0
2015-09-21,1,0,0,1,0,1.0,0,0.0
2015-09-22,0,0,0,1,0,0.0,1,0.0
2015-09-23,0,0,0,1,0,1.0,2,0.0
2015-09-24,0,0,0,1,0,1.0,3,0.0
2015-09-25,0,0,0,1,0,1.0,4,5001.0
2015-09-26,0,0,0,1,1,1.0,5,12554.0
2015-09-27,1,0,0,1,1,1.0,6,43.0
2015-09-28,1,0,0,1,0,0.0,0,0.0
2015-09-29,1,0,0,1,0,0.0,1,583.0
2015-09-30,0,0,0,1,0,0.0,2,0.0
2015-10-01,0,0,0,1,0,0.0,3,0.0
2015-10-02,0,0,0,1,0,0.0,4,0.0
2015-10-03,1,0,0,1,1,0.0,5,5992.0
2015-10-04,0,0,0,1,1,0.0,6,0.0
2015-10-05,0,0,0,1,0,0.0,0,0.0
2015-10-06,0,0,0,1,0,0.0,1,0.0
2015-10-07,1,0,0,1,0,0.0,2,0.0
2015-10-08,1,0,0,1,0,0.0,3,0.0
2015-10-09,0,0,0,1,0,1.0,4,0.0
2015-10-10,0,0,0,1,1,0.0,5,192.0
2015-10-11,1,0,0,1,1,0.0,6,0.0
2015-10-12,1,0,0,1,0,1.0,0,0.0
2015-10-13,1,0,0,1,0,1.0,1,0.0
2015-10-14,0,0,0,1,0,1.0,2,0.0
2015-10-15,0,0,0,1,0,0.0,3,0.0
2015-10-16,0,0,0,1,0,0.0,4,0.0
2015-10-17,1,0,0,1,1,0.0,5,1146.0
2015-10-18,1,0,0,1,1,1.0,6,0.0
2015-10-19,0,0,0,1,0,1.0,0,0.0
2015-10-20,1,0,0,1,0,0.0,1,0.0
2015-10-21,1,0,0,1,0,1.0,2,0.0
2015-10-22,1,0,0,1,0,1.0,3,108.0
2015-10-23,1,0,0,1,0,1.0,4,0.0
2015-10-24,0,0,0,1,1,0.0,5,0.0
2015-10-25,0,0,0,1,1,0.0,6,0.0
2015-10-26,0,0,0,1,0,0.0,0,0.0
2015-10-27,1,0,0,1,0,1.0,1,507.0
2015-10-28,1,0,0,1,0,1.0,2,0.0
2015-10-29,1,0,0,1,0,0.0,3,0.0
2015-10-30,0,0,0,1,0,0.0,4,14.0
2015-10-31,1,0,0,1,1,0.0,5,0.0
2015-11-01,1,0,0,1,1,0.0,6,0.0
2015-11-02,1,0,0,1,0,1.0,0,0.0
2015-11-03,0,0,0,1,0,1.0,1,0.0
2015-11-04,0,0,0,1,0,1.0,2,0.0
2015-11-05,1,0,0,1,0,1.0,3,0.0
2015-11-06,1,0,0,1,0,1.0,4,0.0
2015-11-07,0,0,0,1,1,1.0,5,100.0
2015-11-08,0,0,0,1,1,1.0,6,0.0
2015-11-09,0,0,0,1,0,0.0,0,93.0
2015-11-10,1,0,0,1,0,0.0,1,0.0
2015-11-11,0,0,0,1,0,0.0,2,0.0
2015-11-12,1,0,0,1,0,1.0,3,0.0
2015-11-13,1,0,0,1,0,1.0,4,4.0
2015-11-14,1,0,0,1,1,1.0,5,0.0
2015-11-15,1,0,0,1,1,1.0,6,0.0
2015-11-16,0,0,0,1,0,1.0,0,0.0
2015-11-17,0,0,0,1,0,0.0,1,0.0
2015-11-18,0,0,0,1,0,0.0,2,0.0
2015-11-19,0,0,0,1,0,0.0,3,0.0
2015-11-20,0,0,0,1,0,0.0,4,0.0
2015-11-21,1,0,0,1,1,0.0,5,563.0
2015-11-22,0,0,0,1,1,0.0,6,0.0
2015-11-23,1,0,0,1,0,0.0,0,0.0
2015-11-24,0,0,0,1,0,0.0,1,0.0
2015-11-25,1,0,0,1,0,0.0,2,0.0
2015-11-26,1,0,0,1,0,0.0,3,0.0
2015-11-27,1,0,0,1,0,1.0,4,0.0
2015-11-28,1,0,0,1,1,0.0,5,1723.0
2015-11-29,0,0,0,1,1,1.0,6,0.0
2015-11-30,0,0,0,0,0,0.0,0,0.0
2015-12-01,0,0,0,0,0,0.0,1,0.0
2015-12-02,1,0,0,0,0,0.0,2,0.0
2015-12-03,1,0,0,0,0,0.0,3,0.0
2015-12-04,0,0,0,0,0,0.0,4,1.0
2015-12-05,0,0,0,0,1,0.0,5,0.0
2015-12-06,0,0,0,0,1,0.0,6,153.0
2015-12-07,0,0,0,0,0,0.0,0,0.0
2015-12-08,1,0,0,0,0,0.0,1,0.0
2015-12-09,1,0,0,0,0,1.0,2,0.0
2015-12-10,1,0,0,0,0,1.0,3,0.0
2015-12-11,1,0,0,0,0,1.0,4,9.0
2015-12-12,1,0,0,0,1,0.0,5,515.0
2015-12-13,1,0,0,0,1,0.0,6,0.0
2015-12-14,1,0,0,0,0,0.0,0,0.0
2015-12-15,1,0,0,0,0,0.0,1,0.0
2015-12-16,0,0,0,0,0,1.0,2,0.0
2015-12-17,0,0,0,0,0,1.0,3,0.0
2015-12-18,0,0,0,0,0,0.0,4,3.0
2015-12-19,1,0,0,0,1,0.0,5,783.0
2015-12-20,1,0,0,0,1,0.0,6,0.0
2015-12-21,1,0,0,0,0,0.0,0,0.0
2015-12-22,0,0,0,0,0,1.0,1,0.0
2015-12-23,1,0,0,0,0,1.0,2,0.0
2015-12-24,1,0,0,0,0,1.0,3,0.0
2015-12-25,0,0,0,0,0,0.0,4,0.0
2015-12-26,1,0,0,0,1,1.0,5,0.0
2015-12-27,0,0,0,0,1,1.0,6,0.0
2015-12-28,0,0,0,0,0,1.0,0,0.0
2015-12-29,0,0,0,0,0,0.0,1,0.0
2015-12-30,1,0,0,0,0,0.0,2,0.0
2015-12-31,0,0,0,0,0,0.0,3,52.0
2016-01-01,1,0,0,0,0,0.0,4,0.0
2016-01-02,0,0,0,0,1,0.0,5,0.0
2016-01-03,0,0,0,0,1,0.0,6,0.0
2016-01-04,1,0,0,0,0,1.0,0,0.0
2016-01-05,1,0,0,0,0,1.0,1,0.0
2016-01-06,0,0,0,0,0,1.0,2,0.0
2016-01-07,1,0,0,0,0,1.0,3,45.0
2016-01-08,0,0,0,0,0,1.0,4,0.0
2016-01-09,0,0,0,0,1,0.0,5,0.0
2016-01-10,1,0,0,0,1,0.0,6,0.0
2016-01-11,1,0,0,0,0,0.0,0,183.0
2016-01-12,1,0,0,0,0,1.0,1,0.0
2016-01-13,1,0,0,0,0,0.0,2,0.0
2016-01-14,0,0,0,0,0,0.0,3,0.0
2016-01-15,1,0,0,0,0,1.0,4,0.0
2016-01-16,1,0,0,0,1,1.0,5,0.0
2016-01-17,0,0,0,0,1,0.0,6,0.0
2016-01-18,0,0,0,0,0,0.0,0,0.0
2016-01-19,0,0,0,0,0,0.0,1,0.0
2016-01-20,1,0,0,0,0,0.0,2,0.0
2016-01-21,1,0,0,0,0,0.0,3,0.0
2016-01-22,0,0,0,0,0,1.0,4,0.0
2016-01-23,1,0,0,0,1,1.0,5,119.0
2016-01-24,0,0,0,0,1,0.0,6,0.0
2016-01-25,0,0,0,0,0,0.0,0,0.0
2016-01-26,0,0,0,0,0,1.0,1,0.0
2016-01-27,1,0,0,0,0,1.0,2,0.0
2016-01-28,1,0,0,0,0,1.0,3,0.0
2016-01-29,1,0,0,0,0,0.0,4,0.0
2016-01-30,1,0,0,0,1,1.0,5,0.0
2016-01-31,0,0,0,0,1,1.0,6,0.0
2016-02-01,1,0,0,0,0,0.0,0,0.0
2016-02-02,1,0,0,0,0,1.0,1,0.0
2016-02-03,1,0,0,0,0,0.0,2,0.0
2016-02-04,0,0,0,0,0,1.0,3,0.0
2016-02-05,1,0,0,0,0,1.0,4,0.0
2016-02-06,1,0,0,0,1,1.0,5,129.0
2016-02-07,0,0,0,0,1,0.0,6,254.0
2016-02-08,0,0,0,0,0,0.0,0,0.0
2016-02-09,1,0,0,0,0,0.0,1,0.0
2016-02-10,1,0,0,0,0,0.0,2,0.0
2016-02-11,0,0,0,0,0,0.0,3,0.0
2016-02-12,0,0,0,0,0,0.0,4,0.0
2016-02-13,0,0,0,0,1,0.0,5,267.0
2016-02-14,0,0,0,0,1,0.0,6,143.0
2016-02-15,0,0,0,0,0,1.0,0,0.0
2016-02-16,1,0,0,0,0,0.0,1,0.0
2016-02-17,1,0,0,0,0,0.0,2,0.0
2016-02-18,1,0,0,0,0,0.0,3,716.0
2016-02-19,1,0,0,0,0,0.0,4,583.0
2016-02-20,1,0,0,0,1,0.0,5,80.0
2016-02-21,1,0,0,0,1,1.0,6,5735.0
2016-02-22,0,0,0,0,0,1.0,0,0.0
2016-02-23,1,0,0,0,0,0.0,1,0.0
2016-02-24,1,0,0,0,0,0.0,2,0.0
2016-02-25,1,0,0,0,0,0.0,3,375.0
2016-02-26,1,0,0,0,0,0.0,4,481.0
2016-02-27,1,0,0,0,1,0.0,5,976.0
2016-02-28,0,0,0,0,1,1.0,6,1193.0
2016-02-29,0,0,0,0,0,0.0,0,842.0
2016-03-01,1,1,0,0,0,0.0,1,0.0
2016-03-02,0,1,0,0,0,1.0,2,0.0
2016-03-03,0,1,0,0,0,0.0,3,415.0
2016-03-04,0,1,0,0,0,0.0,4,91.0
2016-03-05,0,1,0,0,1,0.0,5,38916.0
2016-03-06,0,1,0,0,1,0.0,6,1315.0
2016-03-07,1,1,0,0,0,0.0,0,0.0
2016-03-08,1,1,0,0,0,0.0,1,0.0
2016-03-09,0,1,0,0,0,1.0,2,0.0
2016-03-10,0,1,0,0,0,0.0,3,155.0
2016-03-11,1,1,0,0,0,0.0,4,505.0
2016-03-12,0,1,0,0,1,0.0,5,970.0
2016-03-13,1,1,0,0,1,0.0,6,502.0
2016-03-14,0,1,0,0,0,0.0,0,0.0
2016-03-15,1,1,0,0,0,1.0,1,0.0
2016-03-16,0,1,0,0,0,1.0,2,266.0
2016-03-17,0,1,0,0,0,1.0,3,191.0
2016-03-18,1,1,0,0,0,1.0,4,8.0
2016-03-19,1,1,0,0,1,1.0,5,316.0
2016-03-20,0,1,0,0,1,0.0,6,0.0
2016-03-21,1,1,0,0,0,1.0,0,0.0
2016-03-22,0,1,0,0,0,1.0,1,0.0
2016-03-23,1,1,0,0,0,1.0,2,8175.0
2016-03-24,0,1,0,0,0,0.0,3,2637.0
2016-03-25,0,1,0,0,0,0.0,4,0.0
2016-03-26,0,1,0,0,1,1.0,5,1729.0
2016-03-27,0,1,0,0,1,0.0,6,2435.0
2016-03-28,1,1,0,0,0,1.0,0,1187.0
2016-03-29,0,1,0,0,0,1.0,1,0.0
2016-03-30,1,1,0,0,0,1.0,2,0.0
2016-03-31,1,1,0,0,0,1.0,3,0.0
2016-04-01,1,1,0,0,0,0.0,4,5653.0
2016-04-02,0,1,0,0,1,0.0,5,5469.0
2016-04-03,1,1,0,0,1,1.0,6,1580.0
2016-04-04,0,1,0,0,0,1.0,0,0.0
2016-04-05,0,1,0,0,0,1.0,1,4.0
2016-04-06,1,1,0,0,0,0.0,2,0.0
2016-04-07,0,1,0,0,0,0.0,3,0.0
2016-04-08,1,1,0,0,0,0.0,4,1089.0
2016-04-09,0,1,0,0,1,1.0,5,3553.0
2016-04-10,0,1,0,0,1,0.0,6,1483.0
2016-04-11,0,1,0,0,0,0.0,0,0.0
2016-04-12,0,1,0,0,0,1.0,1,0.0
2016-04-13,0,1,0,0,0,1.0,2,0.0
2016-04-14,1,1,0,0,0,1.0,3,0.0
2016-04-15,1,1,0,0,0,0.0,4,1511.0
2016-04-16,0,1,0,0,1,0.0,5,3293.0
2016-04-17,0,1,0,0,1,0.0,6,900.0
2016-04-18,0,1,0,0,0,1.0,0,0.0
2016-04-19,1,1,0,0,0,1.0,1,0.0
2016-04-20,0,1,0,0,0,1.0,2,0.0
2016-04-21,0,1,0,0,0,0.0,3,0.0
2016-04-22,0,1,0,0,0,0.0,4,1064.0
2016-04-23,1,1,0,0,1,1.0,5,1573.0
2016-04-24,1,1,0,0,1,1.0,6,4825.0
2016-04-25,0,1,0,0,0,0.0,0,800.0
2016-04-26,0,1,0,0,0,0.0,1,0.0
2016-04-27,0,1,0,0,0,0.0,2,0.0
2016-04-28,0,1,0,0,0,0.0,3,0.0
2016-04-29,0,1,0,0,0,0.0,4,2150.0
2016-04-30,1,1,0,0,1,1.0,5,3347.0
2016-05-01,0,1,0,0,1,1.0,6,913.0
2016-05-02,1,1,0,0,0,0.0,0,0.0
2016-05-03,1,1,0,0,0,0.0,1,0.0
2016-05-04,0,1,0,0,0,0.0,2,0.0
2016-05-05,1,1,0,0,0,0.0,3,0.0
2016-05-06,0,1,0,0,0,0.0,4,4662.0
2016-05-07,0,1,0,0,1,0.0,5,3511.0
2016-05-08,0,1,0,0,1,0.0,6,1064.0
2016-05-09,0,1,0,0,0,1.0,0,0.0
2016-05-10,1,1,0,0,0,1.0,1,0.0
2016-05-11,1,1,0,0,0,0.0,2,0.0
2016-05-12,1,1,0,0,0,0.0,3,0.0
2016-05-13,1,1,0,0,0,0.0,4,2925.0
2016-05-14,0,1,0,0,1,0.0,5,2012.0
2016-05-15,0,1,0,0,1,0.0,6,1957.0
2016-05-16,0,1,0,0,0,0.0,0,0.0
2016-05-17,1,1,0,0,0,0.0,1,0.0
2016-05-18,1,1,0,0,0,0.0,2,0.0
2016-05-19,1,1,0,0,0,0.0,3,0.0
2016-05-20,1,1,0,0,0,0.0,4,860.0
2016-05-21,0,1,0,0,1,0.0,5,1842.0
2016-05-22,0,1,0,0,1,0.0,6,1064.0
2016-05-23,0,1,0,0,0,0.0,0,0.0
2016-05-24,0,1,0,0,0,0.0,1,0.0
2016-05-25,1,1,0,0,0,0.0,2,0.0
2016-05-26,0,1,0,0,0,1.0,3,0.0
2016-05-27,1,1,0,0,0,1.0,4,1076.0
2016-05-28,1,1,0,0,1,1.0,5,2328.0
2016-05-29,0,1,0,0,1,1.0,6,1417.0
2016-05-30,0,1,0,0,0,0.0,0,0.0
2016-05-31,1,0,1,0,0,0.0,1,627.0
2016-06-01,0,0,1,0,0,1.0,2,3133.0
2016-06-02,1,0,1,0,0,1.0,3,0.0
2016-06-03,0,0,1,0,0,0.0,4,869.0
2016-06-04,1,0,1,0,1,1.0,5,1857.0
2016-06-05,1,0,1,0,1,1.0,6,1868.0
2016-06-06,0,0,1,0,0,1.0,0,93.0
2016-06-07,0,0,1,0,0,1.0,1,0.0
2016-06-08,1,0,1,0,0,0.0,2,0.0
2016-06-09,1,0,1,0,0,1.0,3,0.0
2016-06-10,0,0,1,0,0,0.0,4,569.0
2016-06-11,1,0,1,0,1,0.0,5,1668.0
2016-06-12,0,0,1,0,1,0.0,6,1347.0
2016-06-13,0,0,1,0,0,0.0,0,0.0
2016-06-14,0,0,1,0,0,0.0,1,0.0
2016-06-15,1,0,1,0,0,0.0,2,14.0
2016-06-16,0,0,1,0,0,0.0,3,0.0
2016-06-17,0,0,1,0,0,0.0,4,904.0
2016-06-18,1,0,1,0,1,1.0,5,1701.0
2016-06-19,0,0,1,0,1,0.0,6,503.0
2016-06-20,1,0,1,0,0,1.0,0,0.0
2016-06-21,1,0,1,0,0,0.0,1,0.0
2016-06-22,1,0,1,0,0,0.0,2,1731.0
2016-06-23,1,0,1,0,0,0.0,3,1160.0
2016-06-24,1,0,1,0,0,0.0,4,459.0
2016-06-25,0,0,1,0,1,1.0,5,2038.0
2016-06-26,0,0,1,0,1,1.0,6,78.0
2016-06-27,1,0,1,0,0,1.0,0,0.0
2016-06-28,1,0,1,0,0,1.0,1,0.0
2016-06-29,1,0,1,0,0,1.0,2,0.0
2016-06-30,0,0,1,0,0,0.0,3,421.0
2016-07-01,0,0,1,0,0,0.0,4,401.0
2016-07-02,0,0,1,0,1,0.0,5,727.0
2016-07-03,0,0,1,0,1,0.0,6,377.0
2016-07-04,1,0,1,0,0,0.0,0,338.0
2016-07-05,1,0,1,0,0,1.0,1,0.0
2016-07-06,1,0,1,0,0,1.0,2,0.0
2016-07-07,0,0,1,0,0,1.0,3,569.0
2016-07-08,1,0,1,0,0,1.0,4,630.0
2016-07-09,0,0,1,0,1,1.0,5,1163.0
2016-07-10,0,0,1,0,1,1.0,6,1066.0
2016-07-11,0,0,1,0,0,1.0,0,0.0
2016-07-12,0,0,1,0,0,0.0,1,0.0
2016-07-13,1,0,1,0,0,0.0,2,9193.0
2016-07-14,0,0,1,0,0,0.0,3,810.0
2016-07-15,0,0,1,0,0,0.0,4,477.0
2016-07-16,1,0,1,0,1,0.0,5,2980.0
2016-07-17,0,0,1,0,1,1.0,6,443.0
2016-07-18,1,0,1,0,0,0.0,0,0.0
2016-07-19,0,0,1,0,0,0.0,1,1945.0
2016-07-20,1,0,1,0,0,1.0,2,0.0
2016-07-21,0,0,1,0,0,1.0,3,0.0
2016-07-22,1,0,1,0,0,1.0,4,794.0
2016-07-23,1,0,1,0,1,1.0,5,3514.0
2016-07-24,0,0,1,0,1,0.0,6,844.0
2016-07-25,0,0,1,0,0,0.0,0,2137.0
2016-07-26,0,0,1,0,0,0.0,1,0.0
2016-07-27,0,0,1,0,0,0.0,2,104.0
2016-07-28,0,0,1,0,0,0.0,3,0.0
2016-07-29,0,0,1,0,0,0.0,4,589.0
2016-07-30,0,0,1,0,1,0.0,5,1612.0
2016-07-31,0,0,1,0,1,0.0,6,1055.0
2016-08-01,0,0,1,0,0,0.0,0,0.0
2016-08-02,0,0,1,0,0,1.0,1,3.0
2016-08-03,1,0,1,0,0,1.0,2,5.0
2016-08-04,0,0,1,0,0,1.0,3,0.0
2016-08-05,1,0,1,0,0,1.0,4,1710.0
2016-08-06,0,0,1,0,1,1.0,5,4611.0
2016-08-07,0,0,1,0,1,1.0,6,1672.0
2016-08-08,0,0,1,0,0,1.0,0,0.0
2016-08-09,0,0,1,0,0,0.0,1,1638.0
2016-08-10,0,0,1,0,0,0.0,2,0.0
2016-08-11,1,0,1,0,0,0.0,3,0.0
2016-08-12,0,0,1,0,0,0.0,4,1226.0
2016-08-13,1,0,1,0,1,0.0,5,2010.0
2016-08-14,1,0,1,0,1,0.0,6,1219.0
2016-08-15,0,0,1,0,0,0.0,0,50.0
2016-08-16,0,0,1,0,0,0.0,1,0.0
2016-08-17,1,0,1,0,0,0.0,2,0.0
2016-08-18,0,0,1,0,0,0.0,3,0.0
2016-08-19,1,0,1,0,0,0.0,4,987.0
2016-08-20,0,0,1,0,1,1.0,5,1908.0
2016-08-21,0,0,1,0,1,0.0,6,909.0
2016-08-22,0,0,1,0,0,0.0,0,0.0
2016-08-23,0,0,1,0,0,1.0,1,405.0
2016-08-24,1,0,1,0,0,0.0,2,0.0
2016-08-25,0,0,1,0,0,1.0,3,140.0
2016-08-26,1,0,1,0,0,0.0,4,439.0
2016-08-27,1,0,1,0,1,1.0,5,1881.0
2016-08-28,0,0,1,0,1,1.0,6,1207.0
2016-08-29,0,0,1,0,0,0.0,0,0.0
2016-08-30,0,0,0,1,0,0.0,1,20.0
2016-08-31,1,0,0,1,0,0.0,2,112.0
2016-09-01,0,0,0,1,0,0.0,3,2.0
2016-09-02,1,0,0,1,0,0.0,4,273.0
2016-09-03,0,0,0,1,1,1.0,5,1224.0
2016-09-04,0,0,0,1,1,0.0,6,47.0
2016-09-05,0,0,0,1,0,0.0,0,1.0
2016-09-06,1,0,0,1,0,0.0,1,3.0
2016-09-07,0,0,0,1,0,0.0,2,25.0
2016-09-08,1,0,0,1,0,0.0,3,3288.0
2016-09-09,1,0,0,1,0,0.0,4,2534.0
2016-09-10,0,0,0,1,1,1.0,5,5298.0
2016-09-11,0,0,0,1,1,0.0,6,146.0
2016-09-12,0,0,0,1,0,0.0,0,3.0
2016-09-13,0,0,0,1,0,0.0,1,4.0
2016-09-14,0,0,0,1,0,1.0,2,11.0
2016-09-15,1,0,0,1,0,0.0,3,21.0
2016-09-16,1,0,0,1,0,0.0,4,2692.0
2016-09-17,1,0,0,1,1,0.0,5,1488.0
2016-09-18,0,0,0,1,1,0.0,6,1.0
2016-09-19,0,0,0,1,0,1.0,0,0.0
2016-09-20,1,0,0,1,0,0.0,1,25.0
2016-09-21,1,0,0,1,0,0.0,2,16.0
2016-09-22,1,0,0,1,0,1.0,3,11.0
2016-09-23,0,0,0,1,0,1.0,4,627.0
2016-09-24,0,0,0,1,1,0.0,5,6074.0
2016-09-25,1,0,0,1,1,1.0,6,682.0
2016-09-26,1,0,0,1,0,1.0,0,33.0
2016-09-27,1,0,0,1,0,0.0,1,21.0
2016-09-28,1,0,0,1,0,0.0,2,203.0
2016-09-29,1,0,0,1,0,1.0,3,28.0
2016-09-30,1,0,0,1,0,1.0,4,10.0
2016-10-01,0,0,0,1,1,0.0,5,37.0
2016-10-02,0,0,0,1,1,0.0,6,837.0
2016-10-03,1,0,0,1,0,0.0,0,7.0
2016-10-04,0,0,0,1,0,0.0,1,50.0
2016-10-05,0,0,0,1,0,0.0,2,5.0
2016-10-06,0,0,0,1,0,0.0,3,242.0
2016-10-07,1,0,0,1,0,0.0,4,854.0
2016-10-08,1,0,0,1,1,0.0,5,525.0
2016-10-09,0,0,0,1,1,0.0,6,220.0
2016-10-10,1,0,0,1,0,0.0,0,31.0
2016-10-11,0,0,0,1,0,1.0,1,82.0
2016-10-12,1,0,0,1,0,0.0,2,0.0
2016-10-13,1,0,0,1,0,1.0,3,897.0
2016-10-14,0,0,0,1,0,1.0,4,50.0
2016-10-15,0,0,0,1,1,0.0,5,5896.0
2016-10-16,0,0,0,1,1,0.0,6,240.0
2016-10-17,0,0,0,1,0,0.0,0,35.0
2016-10-18,1,0,0,1,0,1.0,1,10.0
2016-10-19,0,0,0,1,0,0.0,2,25.0
2016-10-20,0,0,0,1,0,0.0,3,47.0
2016-10-21,1,0,0,1,0,0.0,4,4156.0
2016-10-22,0,0,0,1,1,1.0,5,2672.0
2016-10-23,0,0,0,1,1,1.0,6,1341.0
2016-10-24,0,0,0,1,0,0.0,0,39.0
2016-10-25,0,0,0,1,0,0.0,1,59.0
2016-10-26,0,0,0,1,0,0.0,2,0.0
2016-10-27,0,0,0,1,0,0.0,3,279.0
2016-10-28,1,0,0,1,0,1.0,4,1586.0
2016-10-29,0,0,0,1,1,1.0,5,4443.0
2016-10-30,0,0,0,1,1,0.0,6,2434.0
2016-10-31,1,0,0,1,0,1.0,0,327.0
2016-11-01,1,0,0,1,0,0.0,1,44.0
2016-11-02,1,0,0,1,0,0.0,2,75.0
2016-11-03,0,0,0,1,0,0.0,3,174.0
2016-11-04,0,0,0,1,0,0.0,4,4864.0
2016-11-05,0,0,0,1,1,0.0,5,1053.0
2016-11-06,0,0,0,1,1,0.0,6,161.0
2016-11-07,0,0,0,1,0,0.0,0,13.0
2016-11-08,0,0,0,1,0,0.0,1,142.0
2016-11-09,1,0,0,1,0,1.0,2,12.0
2016-11-10,0,0,0,1,0,1.0,3,605.0
2016-11-11,1,0,0,1,0,0.0,4,1543.0
2016-11-12,1,0,0,1,1,1.0,5,1914.0
2016-11-13,0,0,0,1,1,0.0,6,6011.0
2016-11-14,0,0,0,1,0,0.0,0,18394.0
2016-11-15,0,0,0,1,0,1.0,1,86.0
2016-11-16,0,0,0,1,0,0.0,2,64.0
2016-11-17,0,0,0,1,0,1.0,3,31.0
2016-11-18,1,0,0,1,0,0.0,4,6059.0
2016-11-19,1,0,0,1,1,0.0,5,360.0
2016-11-20,0,0,0,1,1,0.0,6,1629.0
2016-11-21,0,0,0,1,0,0.0,0,7.0
2016-11-22,0,0,0,1,0,0.0,1,27.0
2016-11-23,0,0,0,1,0,1.0,2,108.0
2016-11-24,0,0,0,1,0,1.0,3,74.0
2016-11-25,0,0,0,1,0,0.0,4,493.0
2016-11-26,0,0,0,1,1,0.0,5,7265.0
2016-11-27,0,0,0,1,1,0.0,6,60.0
2016-11-28,0,0,0,1,0,1.0,0,28.0
2016-11-29,0,0,0,0,0,0.0,1,45.0
2016-11-30,1,0,0,0,0,0.0,2,65.0
2016-12-01,0,0,0,0,0,1.0,3,10.0
2016-12-02,0,0,0,0,0,0.0,4,811.0
2016-12-03,0,0,0,0,1,0.0,5,489.0
2016-12-04,1,0,0,0,1,0.0,6,99.0
2016-12-05,0,0,0,0,0,1.0,0,11.0
2016-12-06,1,0,0,0,0,1.0,1,4.0
2016-12-07,0,0,0,0,0,1.0,2,327.0
2016-12-08,0,0,0,0,0,1.0,3,0.0
2016-12-09,0,0,0,0,0,1.0,4,8663.0
2016-12-10,0,0,0,0,1,0.0,5,2225.0
2016-12-11,1,0,0,0,1,0.0,6,82.0
2016-12-12,1,0,0,0,0,0.0,0,3184.0
2016-12-13,0,0,0,0,0,0.0,1,170.0
2016-12-14,1,0,0,0,0,0.0,2,13.0
2016-12-15,0,0,0,0,0,1.0,3,1493.0
2016-12-16,1,0,0,0,0,1.0,4,67.0
2016-12-17,1,0,0,0,1,1.0,5,3021.0
2016-12-18,0,0,0,0,1,0.0,6,2336.0
2016-12-19,0,0,0,0,0,0.0,0,0.0
2016-12-20,1,0,0,0,0,0.0,1,4.0
2016-12-21,1,0,0,0,0,0.0,2,24.0
2016-12-22,0,0,0,0,0,0.0,3,8.0
2016-12-23,1,0,0,0,0,0.0,4,0.0
2016-12-24,0,0,0,0,1,0.0,5,43.0
2016-12-25,0,0,0,0,1,1.0,6,0.0
2016-12-26,0,0,0,0,0,0.0,0,57.0
2016-12-27,0,0,0,0,0,0.0,1,0.0
2016-12-28,1,0,0,0,0,0.0,2,0.0
2016-12-29,1,0,0,0,0,0.0,3,5.0
2016-12-30,0,0,0,0,0,0.0,4,0.0
2016-12-31,1,0,0,0,1,0.0,5,5135.0
2017-01-01,0,0,0,0,1,0.0,6,0.0
2017-01-02,0,0,0,0,0,0.0,0,2.0
2017-01-03,0,0,0,0,0,1.0,1,0.0
2017-01-04,0,0,0,0,0,1.0,2,0.0
2017-01-05,1,0,0,0,0,1.0,3,0.0
2017-01-06,0,0,0,0,0,1.0,4,75.0
2017-01-07,1,0,0,0,1,1.0,5,322.0
2017-01-08,0,0,0,0,1,0.0,6,5.0
2017-01-09,0,0,0,0,0,0.0,0,10.0
2017-01-10,0,0,0,0,0,1.0,1,47.0
2017-01-11,0,0,0,0,0,0.0,2,99.0
2017-01-12,0,0,0,0,0,0.0,3,299.0
2017-01-13,1,0,0,0,0,0.0,4,79.0
2017-01-14,1,0,0,0,1,0.0,5,288.0
2017-01-15,0,0,0,0,1,0.0,6,196.0
2017-01-16,0,0,0,0,0,0.0,0,8.0
2017-01-17,0,0,0,0,0,0.0,1,38.0
2017-01-18,1,0,0,0,0,0.0,2,35.0
2017-01-19,0,0,0,0,0,1.0,3,25.0
2017-01-20,1,0,0,0,0,1.0,4,4303.0
2017-01-21,0,0,0,0,1,1.0,5,298.0
2017-01-22,1,0,0,0,1,0.0,6,186.0
2017-01-23,0,0,0,0,0,0.0,0,15.0
2017-01-24,0,0,0,0,0,0.0,1,5.0
2017-01-25,0,0,0,0,0,1.0,2,18.0
2017-01-26,0,0,0,0,0,0.0,3,341.0
2017-01-27,0,0,0,0,0,0.0,4,1712.0
2017-01-28,1,0,0,0,1,0.0,5,96.0
2017-01-29,0,0,0,0,1,0.0,6,395.0
2017-01-30,1,0,0,0,0,0.0,0,38.0
2017-01-31,1,0,0,0,0,0.0,1,43.0
2017-02-01,0,0,0,0,0,1.0,2,88.0
2017-02-02,1,0,0,0,0,1.0,3,3.0
2017-02-03,0,0,0,0,0,0.0,4,760.0
2017-02-04,1,0,0,0,1,0.0,5,6500.0
2017-02-05,0,0,0,0,1,0.0,6,28.0
2017-02-06,1,0,0,0,0,0.0,0,34.0
2017-02-07,0,0,0,0,0,1.0,1,596.0
2017-02-08,0,0,0,0,0,1.0,2,12.0
2017-02-09,1,0,0,0,0,1.0,3,24.0
2017-02-10,1,0,0,0,0,0.0,4,135.0
2017-02-11,1,0,0,0,1,0.0,5,914.0
2017-02-12,0,0,0,0,1,0.0,6,255.0
2017-02-13,0,0,0,0,0,0.0,0,30.0
2017-02-14,1,0,0,0,0,0.0,1,15.0
2017-02-15,1,0,0,0,0,1.0,2,410.0
2017-02-16,1,0,0,0,0,0.0,3,611.0
2017-02-17,0,0,0,0,0,0.0,4,64.0
2017-02-18,0,0,0,0,1,1.0,5,194.0
2017-02-19,1,0,0,0,1,1.0,6,5178.0
2017-02-20,1,0,0,0,0,1.0,0,2621.0
2017-02-21,1,0,0,0,0,0.0,1,635.0
2017-02-22,1,0,0,0,0,0.0,2,90.0
2017-02-23,0,0,0,0,0,0.0,3,716.0
2017-02-24,1,0,0,0,0,0.0,4,452.0
2017-02-25,1,0,0,0,1,1.0,5,2067.0
2017-02-26,0,0,0,0,1,1.0,6,943.0
2017-02-27,1,0,0,0,0,1.0,0,555.0
2017-02-28,1,0,0,0,0,1.0,1,327.0
2017-03-01,1,0,0,0,0,1.0,2,973.0
2017-03-02,1,1,0,0,0,1.0,3,596.0
2017-03-03,0,1,0,0,0,1.0,4,1005.0
2017-03-04,1,1,0,0,1,1.0,5,13457.0
2017-03-05,0,1,0,0,1,1.0,6,1714.0
2017-03-06,1,1,0,0,0,1.0,0,24.0
2017-03-07,1,1,0,0,0,1.0,1,11.0
2017-03-08,0,1,0,0,0,1.0,2,115.0
2017-03-09,1,1,0,0,0,1.0,3,158.0
2017-03-10,0,1,0,0,0,1.0,4,256.0
2017-03-11,0,1,0,0,1,0.0,5,776.0
2017-03-12,0,1,0,0,1,0.0,6,820.0
2017-03-13,1,1,0,0,0,0.0,0,1.0
2017-03-14,0,1,0,0,0,1.0,1,9.0
2017-03-15,0,1,0,0,0,1.0,2,89.0
2017-03-16,0,1,0,0,0,1.0,3,865.0
2017-03-17,0,1,0,0,0,1.0,4,70.0
2017-03-18,1,1,0,0,1,1.0,5,582.0
2017-03-19,0,1,0,0,1,1.0,6,253.0
2017-03-20,1,1,0,0,0,1.0,0,5.0
2017-03-21,0,1,0,0,0,0.0,1,269.0
2017-03-22,0,1,0,0,0,1.0,2,951.0
2017-03-23,1,1,0,0,0,1.0,3,6315.0
2017-03-24,0,1,0,0,0,1.0,4,64.0
2017-03-25,0,1,0,0,1,1.0,5,1941.0
2017-03-26,0,1,0,0,1,0.0,6,18.0
2017-03-27,0,1,0,0,0,0.0,0,0.0
2017-03-28,0,1,0,0,0,0.0,1,34.0
2017-03-29,1,1,0,0,0,0.0,2,486.0
2017-03-30,0,1,0,0,0,1.0,3,11151.0
2017-03-31,0,1,0,0,0,1.0,4,2275.0
2017-04-01,0,1,0,0,1,1.0,5,9089.0
2017-04-02,1,1,0,0,1,1.0,6,1607.0
2017-04-03,1,1,0,0,0,1.0,0,15.0
2017-04-04,0,1,0,0,0,1.0,1,78.0
2017-04-05,0,1,0,0,0,1.0,2,36.0
2017-04-06,0,1,0,0,0,0.0,3,0.0
2017-04-07,0,1,0,0,0,0.0,4,36.0
2017-04-08,1,1,0,0,1,0.0,5,3309.0
2017-04-09,0,1,0,0,1,0.0,6,1731.0
2017-04-10,0,1,0,0,0,1.0,0,21.0
2017-04-11,1,1,0,0,0,1.0,1,68.0
2017-04-12,1,1,0,0,0,1.0,2,0.0
2017-04-13,1,1,0,0,0,1.0,3,828.0
2017-04-14,0,1,0,0,0,0.0,4,984.0
2017-04-15,0,1,0,0,1,0.0,5,1395.0
2017-04-16,1,1,0,0,1,0.0,6,1150.0
2017-04-17,1,1,0,0,0,0.0,0,265.0
2017-04-18,0,1,0,0,0,0.0,1,0.0
2017-04-19,0,1,0,0,0,0.0,2,454.0
2017-04-20,1,1,0,0,0,1.0,3,34.0
2017-04-21,1,1,0,0,0,0.0,4,533.0
2017-04-22,0,1,0,0,1,0.0,5,2710.0
2017-04-23,0,1,0,0,1,0.0,6,727.0
2017-04-24,1,1,0,0,0,0.0,0,3125.0
2017-04-25,0,1,0,0,0,0.0,1,1006.0
2017-04-26,0,1,0,0,0,1.0,2,132.0
2017-04-27,1,1,0,0,0,1.0,3,1424.0
2017-04-28,1,1,0,0,0,0.0,4,509.0
2017-04-29,0,1,0,0,1,0.0,5,1581.0
2017-04-30,0,1,0,0,1,1.0,6,1996.0
2017-05-01,0,1,0,0,0,0.0,0,6.0
2017-05-02,0,1,0,0,0,0.0,1,302.0
2017-05-03,0,1,0,0,0,1.0,2,7.0
2017-05-04,0,1,0,0,0,1.0,3,97.0
2017-05-05,0,1,0,0,0,1.0,4,1169.0
2017-05-06,0,1,0,0,1,0.0,5,6101.0
2017-05-07,0,1,0,0,1,1.0,6,2601.0
2017-05-08,1,1,0,0,0,0.0,0,32.0
2017-05-09,0,1,0,0,0,1.0,1,6.0
2017-05-10,1,1,0,0,0,0.0,2,1286.0
2017-05-11,0,1,0,0,0,0.0,3,34.0
2017-05-12,1,1,0,0,0,0.0,4,5346.0
2017-05-13,0,1,0,0,1,1.0,5,1805.0
2017-05-14,0,1,0,0,1,0.0,6,284.0
2017-05-15,0,1,0,0,0,1.0,0,0.0
2017-05-16,0,1,0,0,0,0.0,1,7.0
2017-05-17,0,1,0,0,0,0.0,2,0.0
2017-05-18,0,1,0,0,0,0.0,3,4.0
2017-05-19,1,1,0,0,0,1.0,4,1235.0
2017-05-20,0,1,0,0,1,1.0,5,2499.0
2017-05-21,1,1,0,0,1,0.0,6,1613.0
2017-05-22,0,1,0,0,0,0.0,0,89.0
2017-05-23,0,1,0,0,0,0.0,1,7.0
2017-05-24,1,1,0,0,0,1.0,2,0.0
2017-05-25,0,1,0,0,0,0.0,3,1317.0
2017-05-26,1,1,0,0,0,0.0,4,2575.0
2017-05-27,0,1,0,0,1,0.0,5,7447.0
2017-05-28,0,1,0,0,1,0.0,6,2896.0
2017-05-29,0,1,0,0,0,0.0,0,115.0
2017-05-30,0,1,0,0,0,0.0,1,650.0
2017-05-31,0,1,0,0,0,0.0,2,55.0
2017-06-01,0,0,1,0,0,0.0,3,1240.0
2017-06-02,0,0,1,0,0,0.0,4,1596.0
2017-06-03,0,0,1,0,1,0.0,5,1482.0
2017-06-04,0,0,1,0,1,1.0,6,670.0
2017-06-05,0,0,1,0,0,0.0,0,9.0
2017-06-06,0,0,1,0,0,0.0,1,11.0
2017-06-07,1,0,1,0,0,1.0,2,0.0
2017-06-08,0,0,1,0,0,1.0,3,676.0
2017-06-09,0,0,1,0,0,1.0,4,4234.0
2017-06-10,0,0,1,0,1,1.0,5,958.0
2017-06-11,0,0,1,0,1,1.0,6,461.0
2017-06-12,0,0,1,0,0,0.0,0,2731.0
2017-06-13,1,0,1,0,0,1.0,1,1350.0
2017-06-14,0,0,1,0,0,1.0,2,56.0
2017-06-15,0,0,1,0,0,0.0,3,1085.0
2017-06-16,1,0,1,0,0,0.0,4,4081.0
2017-06-17,1,0,1,0,1,1.0,5,3402.0
2017-06-18,0,0,1,0,1,0.0,6,1285.0
2017-06-19,0,0,1,0,0,1.0,0,160.0
2017-06-20,0,0,1,0,0,1.0,1,0.0
2017-06-21,0,0,1,0,0,0.0,2,52.0
2017-06-22,0,0,1,0,0,0.0,3,938.0
2017-06-23,0,0,1,0,0,0.0,4,2206.0
2017-06-24,0,0,1,0,1,0.0,5,5556.0
2017-06-25,0,0,1,0,1,0.0,6,3316.0
2017-06-26,0,0,1,0,0,0.0,0,0.0
2017-06-27,0,0,1,0,0,0.0,1,0.0
2017-06-28,0,0,1,0,0,0.0,2,1146.0
2017-06-29,1,0,1,0,0,1.0,3,10.0
2017-06-30,1,0,1,0,0,1.0,4,2051.0
2017-07-01,0,0,1,0,1,0.0,5,3522.0
2017-07-02,0,0,1,0,1,0.0,6,5961.0
2017-07-03,1,0,1,0,0,0.0,0,754.0
2017-07-04,1,0,1,0,0,1.0,1,2.0
2017-07-05,0,0,1,0,0,0.0,2,3.0
2017-07-06,1,0,1,0,0,0.0,3,26.0
2017-07-07,0,0,1,0,0,0.0,4,2086.0
2017-07-08,0,0,1,0,1,0.0,5,5375.0
2017-07-09,0,0,1,0,1,0.0,6,1627.0
2017-07-10,0,0,1,0,0,0.0,0,5.0
2017-07-11,0,0,1,0,0,0.0,1,2.0
2017-07-12,0,0,1,0,0,1.0,2,2394.0
2017-07-13,0,0,1,0,0,1.0,3,14.0
2017-07-14,0,0,1,0,0,0.0,4,1433.0
2017-07-15,0,0,1,0,1,1.0,5,4224.0
2017-07-16,0,0,1,0,1,0.0,6,2276.0
2017-07-17,0,0,1,0,0,0.0,0,5.0
2017-07-18,1,0,1,0,0,0.0,1,91.0
2017-07-19,1,0,1,0,0,0.0,2,24.0
2017-07-20,0,0,1,0,0,0.0,3,18.0
2017-07-21,1,0,1,0,0,0.0,4,2668.0
2017-07-22,0,0,1,0,1,0.0,5,5434.0
2017-07-23,0,0,1,0,1,0.0,6,2335.0
2017-07-24,0,0,1,0,0,0.0,0,46.0
2017-07-25,0,0,1,0,0,0.0,1,0.0
2017-07-26,1,0,1,0,0,0.0,2,156.0
2017-07-27,0,0,1,0,0,0.0,3,181.0
2017-07-28,0,0,1,0,0,0.0,4,2006.0
2017-07-29,1,0,1,0,1,0.0,5,7817.0
2017-07-30,1,0,1,0,1,0.0,6,2909.0
2017-07-31,0,0,1,0,0,0.0,0,10.0
2017-08-01,0,0,1,0,0,1.0,1,9.0
2017-08-02,0,0,1,0,0,0.0,2,0.0
2017-08-03,1,0,1,0,0,1.0,3,717.0
2017-08-04,1,0,1,0,0,1.0,4,2384.0
2017-08-05,0,0,1,0,1,0.0,5,6966.0
2017-08-06,0,0,1,0,1,0.0,6,7171.0
2017-08-07,0,0,1,0,0,0.0,0,0.0
2017-08-08,0,0,1,0,0,0.0,1,90.0
2017-08-09,1,0,1,0,0,0.0,2,7.0
2017-08-10,1,0,1,0,0,0.0,3,379.0
2017-08-11,0,0,1,0,0,0.0,4,1160.0
2017-08-12,1,0,1,0,1,0.0,5,22749.0
2017-08-13,0,0,1,0,1,0.0,6,1576.0
2017-08-14,1,0,1,0,0,0.0,0,215.0
2017-08-15,0,0,1,0,0,0.0,1,158.0
2017-08-16,1,0,1,0,0,1.0,2,21.0
2017-08-17,1,0,1,0,0,0.0,3,22.0
2017-08-18,1,0,1,0,0,0.0,4,2043.0
2017-08-19,0,0,1,0,1,0.0,5,3433.0
2017-08-20,0,0,1,0,1,1.0,6,6941.0
2017-08-21,1,0,1,0,0,0.0,0,51.0
2017-08-22,0,0,1,0,0,0.0,1,0.0
2017-08-23,1,0,1,0,0,0.0,2,227.0
2017-08-24,1,0,1,0,0,0.0,3,24.0
2017-08-25,0,0,1,0,0,1.0,4,1034.0
2017-08-26,0,0,1,0,1,0.0,5,7773.0
2017-08-27,0,0,1,0,1,0.0,6,6505.0
2017-08-28,1,0,1,0,0,1.0,0,0.0
2017-08-29,0,0,1,0,0,0.0,1,0.0
2017-08-30,1,0,1,0,0,1.0,2,514.0
2017-08-31,0,0,0,1,0,0.0,3,0.0
2017-09-01,0,0,0,1,0,0.0,4,617.0
2017-09-02,0,0,0,1,1,0.0,5,3197.0
2017-09-03,1,0,0,1,1,0.0,6,144.0
2017-09-04,1,0,0,1,0,0.0,0,10.0
2017-09-05,1,0,0,1,0,0.0,1,0.0
2017-09-06,1,0,0,1,0,0.0,2,19.0
2017-09-07,0,0,0,1,0,0.0,3,2502.0
2017-09-08,1,0,0,1,0,0.0,4,2942.0
2017-09-09,1,0,0,1,1,0.0,5,5442.0
2017-09-10,0,0,0,1,1,0.0,6,37975.0
2017-09-11,1,0,0,1,0,0.0,0,31.0
2017-09-12,0,0,0,1,0,0.0,1,120.0
2017-09-13,0,0,0,1,0,0.0,2,0.0
2017-09-14,1,0,0,1,0,1.0,3,432.0
2017-09-15,0,0,0,1,0,0.0,4,2527.0
2017-09-16,0,0,0,1,1,0.0,5,1525.0
2017-09-17,0,0,0,1,1,0.0,6,486.0
2017-09-18,0,0,0,1,0,0.0,0,2.0
2017-09-19,1,0,0,1,0,0.0,1,0.0
2017-09-20,1,0,0,1,0,0.0,2,26.0
2017-09-21,0,0,0,1,0,0.0,3,15.0
2017-09-22,1,0,0,1,0,0.0,4,5014.0
2017-09-23,0,0,0,1,1,0.0,5,7535.0
2017-09-24,0,0,0,1,1,0.0,6,917.0
2017-09-25,0,0,0,1,0,0.0,0,24.0
2017-09-26,1,0,0,1,0,0.0,1,0.0
2017-09-27,0,0,0,1,0,0.0,2,2456.0
2017-09-28,0,0,0,1,0,0.0,3,231.0
2017-09-29,0,0,0,1,0,0.0,4,216.0
2017-09-30,1,0,0,1,1,0.0,5,1319.0
2017-10-01,0,0,0,1,1,0.0,6,4253.0
2017-10-02,0,0,0,1,0,0.0,0,0.0
2017-10-03,1,0,0,1,0,0.0,1,0.0
2017-10-04,1,0,0,1,0,0.0,2,56.0
2017-10-05,1,0,0,1,0,0.0,3,258.0
2017-10-06,1,0,0,1,0,0.0,4,710.0
2017-10-07,0,0,0,1,1,0.0,5,2362.0
2017-10-08,1,0,0,1,1,0.0,6,13477.0
2017-10-09,1,0,0,1,0,1.0,0,2.0
2017-10-10,0,0,0,1,0,0.0,1,19.0
2017-10-11,0,0,0,1,0,1.0,2,228.0
2017-10-12,0,0,0,1,0,1.0,3,2743.0
2017-10-13,0,0,0,1,0,0.0,4,3423.0
2017-10-14,0,0,0,1,1,0.0,5,989.0
2017-10-15,0,0,0,1,1,1.0,6,458.0
2017-10-16,1,0,0,1,0,0.0,0,28.0
2017-10-17,0,0,0,1,0,0.0,1,0.0
2017-10-18,0,0,0,1,0,0.0,2,2.0
2017-10-19,0,0,0,1,0,0.0,3,885.0
2017-10-20,1,0,0,1,0,1.0,4,834.0
2017-10-21,0,0,0,1,1,1.0,5,9260.0
2017-10-22,0,0,0,1,1,0.0,6,1624.0
2017-10-23,1,0,0,1,0,1.0,0,82.0
2017-10-24,0,0,0,1,0,0.0,1,35.0
2017-10-25,0,0,0,1,0,0.0,2,150.0
2017-10-26,1,0,0,1,0,1.0,3,267.0
2017-10-27,0,0,0,1,0,1.0,4,627.0
2017-10-28,1,0,0,1,1,1.0,5,5113.0
